-- Role
INSERT INTO SYS_ROLE(id,name) VALUES (1,'ROLE_ADMIN');
INSERT INTO SYS_ROLE(id,name) VALUES (2,'ROLE_CUSTOMER');
INSERT INTO SYS_ROLE(id,name) VALUES (3,'ROLE_PHOTOGRAPHER');
INSERT INTO SYS_ROLE(id,name) VALUES (4,'ROLE_BECOME_PHOTOGRAPHER');

-- User
-- Password: 123
INSERT INTO SYS_USER(ID,EMAIL,PASSWORD,FIRST_NAME,LAST_NAME,COMPANY, PHONE, HOMEPAGE, IS_ENABLED,IS_ACCOUNT_NON_LOCKED) VALUES('1', 'vincent@test.de','$2a$10$za9rDqJOMBXCWXEG5O4.U.1GqyXoiS0mjuiHwqhCvO9wRU6Z/NdGG', 'Vincent', 'Schwarzer', 'EGCompany', '030555555', 'wwww.mypage.com', true,true);
-- Password: 123
INSERT INTO SYS_USER(ID,EMAIL,PASSWORD,FIRST_NAME,LAST_NAME,COMPANY,PHONE,HOMEPAGE,IS_ENABLED,IS_ACCOUNT_NON_LOCKED) VALUES('2', 'patrick@test.de','$2a$10$za9rDqJOMBXCWXEG5O4.U.1GqyXoiS0mjuiHwqhCvO9wRU6Z/NdGG', 'Patrick', 'Marschallek', 'EGCompany', '030555555', 'wwww.mypage.com', true,true);
-- Password: 123
INSERT INTO SYS_USER(ID,EMAIL,PASSWORD,FIRST_NAME,LAST_NAME,COMPANY, PHONE, HOMEPAGE, IBAN, SWIFT, IS_ENABLED,IS_ACCOUNT_NON_LOCKED) VALUES('3', 'sergej@test.de', '$2a$10$za9rDqJOMBXCWXEG5O4.U.1GqyXoiS0mjuiHwqhCvO9wRU6Z/NdGG', 'Sergej', 'Meister', 'EGCompany', '030555555', 'wwww.mypage.com', 'DE50344342342424', 'DEFGHKZ',  true, true);
-- Password: 123
INSERT INTO SYS_USER(ID,EMAIL,PASSWORD,FIRST_NAME,LAST_NAME,COMPANY, PHONE, HOMEPAGE, IBAN, SWIFT, IS_ENABLED,IS_ACCOUNT_NON_LOCKED) VALUES('4', 'julian@test.de', '$2a$10$za9rDqJOMBXCWXEG5O4.U.1GqyXoiS0mjuiHwqhCvO9wRU6Z/NdGG', 'Julian', 'Löhr', 'EGCompany', '030555555', 'wwww.mypage.com', 'DE50344342342424', 'DEFGHKZ', true, true);
-- Password: 123
INSERT INTO SYS_USER(ID,EMAIL,PASSWORD,FIRST_NAME,LAST_NAME,COMPANY, PHONE, HOMEPAGE, IBAN, SWIFT, IS_ENABLED,IS_ACCOUNT_NON_LOCKED) VALUES('5', 'daniil@test.de', '$2a$10$za9rDqJOMBXCWXEG5O4.U.1GqyXoiS0mjuiHwqhCvO9wRU6Z/NdGG', 'Daniil','Tomilow', 'EGCompany', '030555555', 'wwww.mypage.com', 'DE50344342342424', 'DEFGHKZ', true, true);
-- Password: 123
INSERT INTO SYS_USER(ID,EMAIL,PASSWORD,FIRST_NAME,LAST_NAME,COMPANY, PHONE, HOMEPAGE,  IBAN, SWIFT, IS_ENABLED,IS_ACCOUNT_NON_LOCKED) VALUES('6', 'eric@test.de', '$2a$10$za9rDqJOMBXCWXEG5O4.U.1GqyXoiS0mjuiHwqhCvO9wRU6Z/NdGG', 'Eric', 'Haller', 'EGCompany', '030555555', 'wwww.mypage.com', 'DE50344342342424', 'DEFGHKZ', true, true);
  -- Password: 123
INSERT INTO SYS_USER(ID,EMAIL,PASSWORD,FIRST_NAME,LAST_NAME,COMPANY, PHONE, HOMEPAGE,  IBAN, SWIFT, IS_ENABLED,IS_ACCOUNT_NON_LOCKED) VALUES('7', 'become@photographer.de', '$2a$10$za9rDqJOMBXCWXEG5O4.U.1GqyXoiS0mjuiHwqhCvO9wRU6Z/NdGG', 'Become', 'Photographer', 'EGCompany', '030555555', 'wwww.mypage.com', 'DE50344342342424', 'DEFGHKZ', true, true);
-- Password: 123
INSERT INTO SYS_USER(ID,EMAIL,PASSWORD,FIRST_NAME,LAST_NAME,COMPANY, PHONE, HOMEPAGE, IBAN, SWIFT, IS_ENABLED,IS_ACCOUNT_NON_LOCKED) VALUES('8', 'sergej.heinz@test.de', '$2a$10$za9rDqJOMBXCWXEG5O4.U.1GqyXoiS0mjuiHwqhCvO9wRU6Z/NdGG', 'Sergej', 'Heinz', 'EGCompany', '030555555', 'wwww.mypage.com', 'DE50344342342424', 'DEFGHKZ',  true, true);


-- SYS_USER_ROLE
-- Vincent - Admin
INSERT INTO SYS_USER_ROLE (id,user_id,role_id) VALUES (1,1,1);
-- Patrick - Customer
INSERT INTO SYS_USER_ROLE (id,user_id,role_id) VALUES (2,2,2);
-- Sergej - Photographer
INSERT INTO SYS_USER_ROLE (id,user_id,role_id) VALUES (3,3,3);
-- Julian - Photographer
INSERT INTO SYS_USER_ROLE (id,user_id,role_id) VALUES (4,4,3);
-- Daniil - Photographer
INSERT INTO SYS_USER_ROLE (id,user_id,role_id) VALUES (5,5,3);
-- Eric - Photographer
INSERT INTO SYS_USER_ROLE (id,user_id,role_id) VALUES (6,6,3);
--BecomePhotographer - Become Photographer
INSERT INTO SYS_USER_ROLE (id,user_id,role_id) VALUES (7,7,4);
-- Sergej Heinz - Photographer
INSERT INTO SYS_USER_ROLE (id,user_id,role_id) VALUES (8,8,3);

-- 54 +/- SELECT COUNT(*) FROM PUBLIC.RES_IMAGE;
INSERT INTO RES_IMAGE(ID, CREATED_AT, CREATED_BY, UPDATED_AT, UPDATED_BY, DESCRIPTION, IS_ENABLED, IS_PUBLIC, METADATA, MIME, MOBILE_THUMB_PATH, NAME, PATH, PRICE, SMALL_THUMB_PATH, THUMB_PATH) VALUES (1, TIMESTAMP '2015-01-08 15:06:43.884', 'sergej@test.de', TIMESTAMP '2015-01-08 15:11:41.847', NULL, 'Hintergrund', TRUE, FALSE, '[{"description":"Baseline","tag":"Compression Type","directoryName":"Jpeg"},{"description":"8 bits","tag":"Data Precision","directoryName":"Jpeg"},{"description":"2000 pixels","tag":"Image Height","directoryName":"Jpeg"},{"description":"3200 pixels","tag":"Image Width","directoryName":"Jpeg"}]', 'jpeg', '/img/upload/6f8513fde4c4c0cd1ab3f57c2e2ea4a31ba69e6cb59464b480808b9c4269d9f7d2f9cd40570ecdbc52322dbd83203b01de1052bbe0f4b762dc4c4b34211a0645.jpeg', 'Hintergrund in weiß', 'upload/4dff4ea340f0a823f15d3f4f01ab62eae0e5da579ccb851f8db9dfe84c58b2b37b89903a740e1ee172da793a6e79d560e5f7f9bd058a12a280433ed6fa46510a.jpeg', 0.20, '/img/upload/f8fa4202a848cc87243080dacf75df126df6e2fd7b803d78ab8c1b8c4dba56498e0ea865482decee21ea1245c00726e5dc364a1b1b7f46d284532fd93df31d2c.jpeg', '/img/upload/d973a1573585f48ca7127c40ca0ea3669a286a090c8b57100e26bd544cca8dadd2df3848c9d99a375d5d56b2d270a3ba6ab589def661c87c21e6e2f4c87a6f00.jpeg');
INSERT INTO RES_IMAGE(ID, CREATED_AT, CREATED_BY, UPDATED_AT, UPDATED_BY, DESCRIPTION, IS_ENABLED, IS_PUBLIC, METADATA, MIME, MOBILE_THUMB_PATH, NAME, PATH, PRICE, SMALL_THUMB_PATH, THUMB_PATH) VALUES (2, TIMESTAMP '2015-01-08 15:06:44.389', 'sergej@test.de', TIMESTAMP '2015-01-08 15:17:21.609', NULL, 'Hintergrund', TRUE, FALSE, '[{"description":"Baseline","tag":"Compression Type","directoryName":"Jpeg"},{"description":"8 bits","tag":"Data Precision","directoryName":"Jpeg"},{"description":"2880 pixels","tag":"Image Height","directoryName":"Jpeg"},{"description":"5120 pixels","tag":"Image Width","directoryName":"Jpeg"}]', 'jpeg', '/img/upload/5ed7333b1f2bc00edec0d08194207a423b7a9f278c3a5919f86a212c9b55cda93fa3a7e6433aa91576dec61cfedf2e05c31616e093788e4fd72c135aee2fb037.jpeg', 'Blauer Hintergrund', 'upload/40b244112641dd78dd4f93b6c9190dd46e0099194d5a44257b7efad6ef9ff4683da1eda0244448cb343aa688f5d3efd7314dafe580ac0bcbf115aeca9e8dc114.jpeg', 0.20, '/img/upload/a059ad0a9ebca0f9f490a03821ec89bdf99a6d3c9930cb013289874d9862c201558a9c5800511168f579cf1f04f4c0d2dec0b3ac3471ba57f987993b1b8fe4b8.jpeg', '/img/upload/d44b38b572f1ba34bf323784478247c5b0eda9478d1097ebcd370ab679fc5ab555b0640ad97e687d55208d07ac8d9ad190f7993a44bdf585683d6e8187e3bf7d.jpeg');
INSERT INTO RES_IMAGE(ID, CREATED_AT, CREATED_BY, UPDATED_AT, UPDATED_BY, DESCRIPTION, IS_ENABLED, IS_PUBLIC, METADATA, MIME, MOBILE_THUMB_PATH, NAME, PATH, PRICE, SMALL_THUMB_PATH, THUMB_PATH) VALUES (3, TIMESTAMP '2015-01-08 15:06:45.189', 'sergej@test.de', TIMESTAMP '2015-01-08 15:10:35.566', NULL, 'Hintergrund', TRUE, FALSE, '[{"description":"Baseline","tag":"Compression Type","directoryName":"Jpeg"},{"description":"8 bits","tag":"Data Precision","directoryName":"Jpeg"},{"description":"2880 pixels","tag":"Image Height","directoryName":"Jpeg"},{"description":"5120 pixels","tag":"Image Width","directoryName":"Jpeg"}]', 'jpeg', '/img/upload/178711d5b9be1ce74206223f653622e0a5558f431c085c46d9b7870deb1bf861647f70e36f113da7f7e30138b1b323a191f27efcd2c61a512e13675bcbacc775.jpeg', 'Grüner Hintergrund', 'upload/3bafbf08882a2d10133093a1b8433f50563b93c14acd05b79028eb1d12799027241450980651994501423a66c276ae26c43b739bc65c4e16b10c3af6c202aebb.jpeg', 0.20, '/img/upload/c4cb899fe44880045835a28fde8c29e37e2e6e5a97705d7084516388fe87609ccc901ab7a7dd082799fea483fbfe7516d6e1ebdc6faae07ceec221074ad661e6.jpeg', '/img/upload/52442f09d75d7e21c1b7e09431f3d599f92ccd8e7c1d85b874bd10eaa643fe775f809e67b31e4b38c5a0ac271a07fa3a9423cd1015e0f8c2bd2253f7ff30a785.jpeg');
INSERT INTO RES_IMAGE(ID, CREATED_AT, CREATED_BY, UPDATED_AT, UPDATED_BY, DESCRIPTION, IS_ENABLED, IS_PUBLIC, METADATA, MIME, MOBILE_THUMB_PATH, NAME, PATH, PRICE, SMALL_THUMB_PATH, THUMB_PATH) VALUES (4, TIMESTAMP '2015-01-08 15:06:46.219', 'sergej@test.de', TIMESTAMP '2015-01-08 15:19:03.194', NULL, 'See,Fische', TRUE, FALSE, '[{"description":"Baseline","tag":"Compression Type","directoryName":"Jpeg"},{"description":"8 bits","tag":"Data Precision","directoryName":"Jpeg"},{"description":"2880 pixels","tag":"Image Height","directoryName":"Jpeg"},{"description":"5120 pixels","tag":"Image Width","directoryName":"Jpeg"}]', 'jpeg', '/img/upload/8831311404a4669a3312f7d931cf367b022a75ac4ffd6816cc8e31c12742449603d3eae9bb49c6636805658fc31da953dd236310b78ae0a121f89ba1e28bc4c5.jpeg', 'Fische', 'upload/a321d8b405e3ef2604959847b36d171eebebc4a8941dc70a4784935a4fca5d5813de84dfa049f06549aa61b20848c1633ce81b675286ea8fb53db240d831c568.jpeg', 0.40, '/img/upload/64f250be393bcea61ade9ba2234f663bb345b490ca4fcb633b164f9ca75dfd1989f6b9e44c22e981393ca69bbd1ccdf9df79406f66f3cf2836b512fd28a7aada.jpeg', '/img/upload/01bebe8681639af5de601711c86d5038a94e945fb0eb3c255d3ec60d668060cd4dfe750f8cb9361ba7e4eb960d07b67adb4c832ce42775e2fbcb343afc0d0508.jpeg');
INSERT INTO RES_IMAGE(ID, CREATED_AT, CREATED_BY, UPDATED_AT, UPDATED_BY, DESCRIPTION, IS_ENABLED, IS_PUBLIC, METADATA, MIME, MOBILE_THUMB_PATH, NAME, PATH, PRICE, SMALL_THUMB_PATH, THUMB_PATH) VALUES (5, TIMESTAMP '2015-01-08 15:06:47.239', 'sergej@test.de', TIMESTAMP '2015-01-08 15:20:28.391', NULL, 'Natur,Sonne,Berg', TRUE, FALSE, '[{"description":"Baseline","tag":"Compression Type","directoryName":"Jpeg"},{"description":"8 bits","tag":"Data Precision","directoryName":"Jpeg"},{"description":"2343 pixels","tag":"Image Height","directoryName":"Jpeg"},{"description":"4166 pixels","tag":"Image Width","directoryName":"Jpeg"}]', 'jpeg', '/img/upload/3b944b31f7283b4db12f9319b0c28cd5a54a404e22c84057aaeec1bd39d079b8b862fd701087464219738f1adad0f485c21c276648241fe3d54afcf3cf1d209e.jpeg', 'Sonnenuntergang', 'upload/06df05371981a237d0ed11472fae7c94c9ac0eff1d05413516710d17b10a4fb6f4517bda4a695f02d0a73dd4db543b4653df28f5d09dab86f92ffb9b86d01e25.jpeg', 2.10, '/img/upload/e8ab818289a37a73040088923bcad106169144c88065e789f589981b2d62f64271a97a08af62b31cb58e3415370aec94ae8b2663cda7e1e6dc82925a20eb4433.jpeg', '/img/upload/544fe8941d08d72163df74ed4abe71580e857549caa57a80b8c4743d63db88d28960e8817628345aeaa922da9cd50449cffe0d3fc6b47247f0b9fdfbbf3bcc40.jpeg');
INSERT INTO RES_IMAGE(ID, CREATED_AT, CREATED_BY, UPDATED_AT, UPDATED_BY, DESCRIPTION, IS_ENABLED, IS_PUBLIC, METADATA, MIME, MOBILE_THUMB_PATH, NAME, PATH, PRICE, SMALL_THUMB_PATH, THUMB_PATH) VALUES (6, TIMESTAMP '2015-01-08 15:06:47.796', 'sergej@test.de', TIMESTAMP '2015-01-08 15:16:49.83', NULL, 'Vögel,Flamingo', TRUE, FALSE, '[{"description":"Baseline","tag":"Compression Type","directoryName":"Jpeg"},{"description":"8 bits","tag":"Data Precision","directoryName":"Jpeg"},{"description":"2880 pixels","tag":"Image Height","directoryName":"Jpeg"},{"description":"5120 pixels","tag":"Image Width","directoryName":"Jpeg"}]', 'jpeg', '/img/upload/6f1522411cc4143666519b9a35b0de05625e67860190e31cbfbbd1257bfc418674293f45a76e539004243397597682977681dfbdeff8265ba716323eace1f9da.jpeg', 'Flamingos', 'upload/3c9ad55147a7144f6067327c3b82ea70e7c5426add9ceea4d07dc2902239bf9e049b88625eb65d014a7718f79354608cab0921782c643f0208983fffa3582e40.jpeg', 1.00, '/img/upload/1966e0cffbb8acf74e986f0a35f91ee4d4cbc5b7eb27480b66530b8f51eaec8f3fd74841863ee951f451d8d414fa9059aa86b6243c20ccb8dd81f855c9ddb429.jpeg', '/img/upload/d0700c5ee332ba1ef3d368bd6ebeabae25e0900827ba769a9d347feb53f914eef8514ef2bab80d7b810f445ad2fee19ced3c7f81da7223d6ad70ba2ff2d0d41c.jpeg');
INSERT INTO RES_IMAGE(ID, CREATED_AT, CREATED_BY, UPDATED_AT, UPDATED_BY, DESCRIPTION, IS_ENABLED, IS_PUBLIC, METADATA, MIME, MOBILE_THUMB_PATH, NAME, PATH, PRICE, SMALL_THUMB_PATH, THUMB_PATH) VALUES (7, TIMESTAMP '2015-01-08 15:06:48.422', 'sergej@test.de', TIMESTAMP '2015-01-08 15:20:57.216', NULL, 'Universum,Erde', TRUE, FALSE, '[{"description":"Baseline","tag":"Compression Type","directoryName":"Jpeg"},{"description":"8 bits","tag":"Data Precision","directoryName":"Jpeg"},{"description":"2880 pixels","tag":"Image Height","directoryName":"Jpeg"},{"description":"5120 pixels","tag":"Image Width","directoryName":"Jpeg"}]', 'jpeg', '/img/upload/2869213856694673e229f6c525e559cff05aa8507cef392621326e1a893bb89dc7931a8d15db7179b6e98e928b1adcd85304fb84cab86538077f401169a73663.jpeg', 'Erde', 'upload/f05210c5b4263f0ec4c3995bdab458d81d3953f354a9109520f159db1e8800bcd45b97c56dce90a1fc27ab03e0b8a9af8673747023c406299374116d6f966981.jpeg', 0.90, '/img/upload/637c6f442d6923b5d07bb979384b55e7138431319ec9f630269ce7399e9662959a2dcd054641a5b5d831416e98a654a76e8e5849a02721a7e64c4979a55726e5.jpeg', '/img/upload/01efe9a6b2785f9f3e70aeef501ed4232193ff6a086a0a13f082b0f196f79a577a624f9828d2e127d2d69a5a030af556ab5301c53d775a24999eaf37d76308bc.jpeg');
INSERT INTO RES_IMAGE(ID, CREATED_AT, CREATED_BY, UPDATED_AT, UPDATED_BY, DESCRIPTION, IS_ENABLED, IS_PUBLIC, METADATA, MIME, MOBILE_THUMB_PATH, NAME, PATH, PRICE, SMALL_THUMB_PATH, THUMB_PATH) VALUES (8, TIMESTAMP '2015-01-08 15:06:49.101', 'sergej@test.de', TIMESTAMP '2015-01-08 15:11:10.738', NULL, 'Natur,See,Eis', TRUE, FALSE, '[{"description":"Baseline","tag":"Compression Type","directoryName":"Jpeg"},{"description":"8 bits","tag":"Data Precision","directoryName":"Jpeg"},{"description":"2880 pixels","tag":"Image Height","directoryName":"Jpeg"},{"description":"5120 pixels","tag":"Image Width","directoryName":"Jpeg"}]', 'jpeg', '/img/upload/323a31a8613b851289f0e7401960d478f1cae5e275a0a17b8780393447a50eeb61e40c675747cf1c5d7446aaab4972cfacebf4cde3983dc2f3fed7874017ab7a.jpeg', 'See eis', 'upload/bc23b8b01772d2dd67efb8fe1a5e6bd0f44b97c36101be6cc09f253b53e68d67a22e4643068dfd1341980134ea57570acf65e306e4d96cef4d560384894c88a4.jpeg', 0.50, '/img/upload/ce67965b90a5804640da20778657e061f8b69106e88beb86ce3c27d605e270d975a4528e4c2642fab6af66c022ebf431c9d6d88d6cc734f8eb89b3e975ce6f2f.jpeg', '/img/upload/8ca6fcc715bacfc6536480fd959d2130a3e40093d2f47e91d8cdaf510b767f016ec601532ffee0b9302da8858871d6cf1c97d8cdcbf4492351446572a0c0f532.jpeg');
INSERT INTO RES_IMAGE(ID, CREATED_AT, CREATED_BY, UPDATED_AT, UPDATED_BY, DESCRIPTION, IS_ENABLED, IS_PUBLIC, METADATA, MIME, MOBILE_THUMB_PATH, NAME, PATH, PRICE, SMALL_THUMB_PATH, THUMB_PATH) VALUES (9, TIMESTAMP '2015-01-08 15:06:49.822', 'sergej@test.de', TIMESTAMP '2015-01-08 15:21:31.458', NULL, 'Hintergrund', TRUE, FALSE, '[{"description":"Baseline","tag":"Compression Type","directoryName":"Jpeg"},{"description":"8 bits","tag":"Data Precision","directoryName":"Jpeg"},{"description":"2880 pixels","tag":"Image Height","directoryName":"Jpeg"},{"description":"5120 pixels","tag":"Image Width","directoryName":"Jpeg"}]', 'jpeg', '/img/upload/b65f2a728d5ec3a1e6d18440b8924ca6737158c86231b68ba0c62f18357aa3d25b607b67d1bf0de87860e6920ef3ba4ccdfeed0876db5c00babe9a7a90c557c9.jpeg', 'Picasso', 'upload/0dc526d8c4fa04084f4b2a6433f4cd14664b93df9fb8a9e00b77ba890b83704d24944c93caa692b51085bb476f81852c27e793600f137ae3929018cd4c8f1a45.jpeg', 0.10, '/img/upload/bc95721cc4360e9bea7cde7379806172335199e18454f80e1749e19646711485dc39dae706a928b42f4036cffdef3626541f6d969a0f5d000aed4282b4c79143.jpeg', '/img/upload/74abe38792d79fca77cd415dbe3fd06a52ab01f105d6de4db639f578490515c5bfc45400d4108c3999d78ddb3f705d2297515c20daa8c8fa7e36973bd73c7293.jpeg');
INSERT INTO RES_IMAGE(ID, CREATED_AT, CREATED_BY, UPDATED_AT, UPDATED_BY, DESCRIPTION, IS_ENABLED, IS_PUBLIC, METADATA, MIME, MOBILE_THUMB_PATH, NAME, PATH, PRICE, SMALL_THUMB_PATH, THUMB_PATH) VALUES (10, TIMESTAMP '2015-01-08 15:06:50.703', 'sergej@test.de', TIMESTAMP '2015-01-08 15:17:57.685', NULL, 'Natur.Wasserfall,Berg', TRUE, FALSE, '[{"description":"Baseline","tag":"Compression Type","directoryName":"Jpeg"},{"description":"8 bits","tag":"Data Precision","directoryName":"Jpeg"},{"description":"1551 pixels","tag":"Image Height","directoryName":"Jpeg"},{"description":"1156 pixels","tag":"Image Width","directoryName":"Jpeg"}]', 'jpeg', '/img/upload/8fd737ba4b26da7803d6752a1f8ce7e9208e6530e93df31ff924e6164a857bfbeaeeae2b683aab4039fe17768e91cbba6275515560e6ee8cdda5c429bfe89180.jpeg', 'Wasserfall', 'upload/3c11e4f316c956a27655902dc1a19b925b8887d59eff791eea63edc8a05454ec594d5eb0f40ae151df87acd6e101761ecc5bb0d3b829bf3a85f5432493b22f37.jpeg', 0.90, '/img/upload/6ddaceb7925b41f4ad17001e2704e186ff3bf2d60652f6b2408eeb084049e43cd0f5f6eb24b7b4199172531352d126ba916260d8a82b7cf2d11d488b49502be7.jpeg', '/img/upload/1b17d0c864da1ae800e5fc0b25cc596c2362624174fbbb618130f6e907f8e3d70ef083f43aef35fad23471f566988a3655620414a58dc6fbe2b9754c072b40f4.jpeg');
INSERT INTO RES_IMAGE(ID, CREATED_AT, CREATED_BY, UPDATED_AT, UPDATED_BY, DESCRIPTION, IS_ENABLED, IS_PUBLIC, METADATA, MIME, MOBILE_THUMB_PATH, NAME, PATH, PRICE, SMALL_THUMB_PATH, THUMB_PATH) VALUES (11, TIMESTAMP '2015-01-08 15:06:50.892', 'sergej@test.de', TIMESTAMP '2015-01-08 15:12:27.798', NULL, 'Tiere,Elefant', TRUE, FALSE, '[{"description":"Baseline","tag":"Compression Type","directoryName":"Jpeg"},{"description":"8 bits","tag":"Data Precision","directoryName":"Jpeg"},{"description":"2880 pixels","tag":"Image Height","directoryName":"Jpeg"},{"description":"5120 pixels","tag":"Image Width","directoryName":"Jpeg"}]', 'jpeg', '/img/upload/898f741abc044fd303c17fac570dbd6aea2fe668ee8a30d51efca55a598f72ccb72bea9d3ef036601fa1627b6aca9e5e6415efffebff4de8df5234009e4cc841.jpeg', 'Elefant', 'upload/74a49c698dbd3c12e36b0b287447d833f74f3937ff132ebff7054baa18623c35a705bb18b82e2ac0384b5127db97016e63609f712bc90e3506cfbea97599f46f.jpeg', 1.0, '/img/upload/494b416f0b972895c0569c960cdb0063317c650cf2ca0ca77e3c54c5ce19cbb65d60f855901dc5aae295d073d7a940060102e0e8e4e897c6ca013437a7ed98ed.jpeg', '/img/upload/67299a3f5346bedf5ab8ed659a38ee8d1c64442cfbefd97987eef995c8cd00c29b83ec61a9058b7d84258b75f59ada618fae2de36e998526b5c73ae468506553.jpeg');

INSERT INTO RES_IMAGE(ID, CREATED_AT, CREATED_BY, UPDATED_AT, UPDATED_BY, DESCRIPTION, IS_ENABLED, IS_PUBLIC, METADATA, MIME, MOBILE_THUMB_PATH, NAME, PATH, PRICE, SMALL_THUMB_PATH, THUMB_PATH) VALUES (12, TIMESTAMP '2015-01-08 15:06:51.694', 'julian@test.de', TIMESTAMP '2015-01-08 15:22:37.013', NULL, 'Natur,Wald,Nebel', TRUE, FALSE, '[{"description":"Baseline","tag":"Compression Type","directoryName":"Jpeg"},{"description":"8 bits","tag":"Data Precision","directoryName":"Jpeg"},{"description":"2880 pixels","tag":"Image Height","directoryName":"Jpeg"},{"description":"5120 pixels","tag":"Image Width","directoryName":"Jpeg"}]', 'jpeg', '/img/upload/565f10054ce38e9bbac70a5f14a77814ed19fe87c0991d55e11bc99b62a4afe8ce8b06d39e36a9e6cf049ec976c5d5eb218897a1030f6aad2fb369b4e0777ef2.jpeg', 'Wald im Nebel', 'upload/5aadb45520dcd8726b2822a7a78bb53d794f557199d5d4abdedd2c55a4bd6ca73607605c558de3db80c8e86c3196484566163ed1327e82e8b6757d1932113cb8.jpeg', 1.30, '/img/upload/6ea44ee68ca410923614a11324a76d273b71038914416be19b9a34920bf13759412f81040e3d2f3bb8543b2951cad56777a90445d3a7e1f610ab8a74a65c7a09.jpeg', '/img/upload/569657437c000c71b8ad1cb5a3b1a0fe2b44de944d156b5beda022e8d20ec4409d0b5b4bf2a65f7d7063abae07d9a70a41bba7e6511eb2477b27565192d8adb5.jpeg');
INSERT INTO RES_IMAGE(ID, CREATED_AT, CREATED_BY, UPDATED_AT, UPDATED_BY, DESCRIPTION, IS_ENABLED, IS_PUBLIC, METADATA, MIME, MOBILE_THUMB_PATH, NAME, PATH, PRICE, SMALL_THUMB_PATH, THUMB_PATH) VALUES (13, TIMESTAMP '2015-01-08 15:06:52.298', 'julian@test.de', TIMESTAMP '2015-01-08 15:22:09.23', NULL, 'Natur,Himmel', TRUE, FALSE, '[{"description":"Baseline","tag":"Compression Type","directoryName":"Jpeg"},{"description":"8 bits","tag":"Data Precision","directoryName":"Jpeg"},{"description":"2880 pixels","tag":"Image Height","directoryName":"Jpeg"},{"description":"5120 pixels","tag":"Image Width","directoryName":"Jpeg"}]', 'jpeg', '/img/upload/238743d3db85a3360ffa34a3d8d1fecf0972b25a5127487ab3e8c93bc129dd7887377756703099561d5ca0af0a8ed82cc7c2e42a9f04af3eec48004188585d8e.jpeg', 'Himmel', 'upload/413f2ba78c7ed4ccefbe0cc4f51d3eb5cb15f13fec999de4884be925076746663aa5d34476a3df4a8729fd8eea01defa4f3f66e99bf943f4d84382d64bbbfa9e.jpeg', 0.80, '/img/upload/ebfe49f0ee87d0316863a54db82c4ed223e03216bd7c7c62af47fc2734ad0c6d08af332afdf4eee09573ef0a4f5cc8f447276999be692702de6f6307299efd05.jpeg', '/img/upload/1460d7b90ac09dd54c21f20d7eae351ba20449f6dc9e4e2f82e26e8bda665d92e74ad5d534350c32403b5ab5d96b1be855232eb2a65156c0c429a9a4c6d37718.jpeg');
INSERT INTO RES_IMAGE(ID, CREATED_AT, CREATED_BY, UPDATED_AT, UPDATED_BY, DESCRIPTION, IS_ENABLED, IS_PUBLIC, METADATA, MIME, MOBILE_THUMB_PATH, NAME, PATH, PRICE, SMALL_THUMB_PATH, THUMB_PATH) VALUES (14, TIMESTAMP '2015-01-08 15:06:52.894', 'julian@test.de', TIMESTAMP '2015-01-08 15:09:59.208', NULL, 'Natur,Berg,Nebel', TRUE, FALSE, '[{"description":"Baseline","tag":"Compression Type","directoryName":"Jpeg"},{"description":"8 bits","tag":"Data Precision","directoryName":"Jpeg"},{"description":"3337 pixels","tag":"Image Height","directoryName":"Jpeg"},{"description":"5932 pixels","tag":"Image Width","directoryName":"Jpeg"}]', 'jpeg', '/img/upload/62c7dc4a1cecbb0d167ccfd55359b18f4f735ab94f8e714e0d37250feb71fca81b73e70bd806e84e179aba76504d2402e66d4e88cd25b7fb3a3e4c205eb3019a.jpeg', 'BergInNebel', 'upload/5f3a799ba20c20a225f75d4fe2acab79912dfcd2f2b333bf062b37acbb6463388c344430d5ba1e9fd318d3ed8263074e999e2b2e811bc51c5e2dfea4e2f32e58.jpeg', 0.80, '/img/upload/56750bdf928a6aae57f667db007df324c6c0a4e8f48646f348d60a9d4d1bb131fdc88623847eda99fba22674a5479845cff74b66fb53ca8ce276af47a989d42a.jpeg', '/img/upload/80b8524d2f278027950ea54bafe6a8b94dddf9a55b89df6cc5f819d704ea63d807eba479e70e146eb01ada110dc675676d84c8a2aac0505af9112861a2bed06d.jpeg');
INSERT INTO RES_IMAGE(ID, CREATED_AT, CREATED_BY, UPDATED_AT, UPDATED_BY, DESCRIPTION, IS_ENABLED, IS_PUBLIC, METADATA, MIME, MOBILE_THUMB_PATH, NAME, PATH, PRICE, SMALL_THUMB_PATH, THUMB_PATH) VALUES (15, TIMESTAMP '2015-01-08 15:24:49.752', 'julian@test.de', TIMESTAMP '2015-01-08 15:40:44.732', NULL, 'Natur', TRUE, FALSE, '[{"description":"Baseline","tag":"Compression Type","directoryName":"Jpeg"},{"description":"8 bits","tag":"Data Precision","directoryName":"Jpeg"},{"description":"2880 pixels","tag":"Image Height","directoryName":"Jpeg"},{"description":"5120 pixels","tag":"Image Width","directoryName":"Jpeg"}]', 'jpeg', '/img/upload/4882c2c0a917292948769d4cbaf2a323d54b44e73710e7ea8de5f0149f65044239d2440d9ddcf2a6aab179e6d997fbedf952c1291a80a7ef4701f7d744625b86.jpeg', 'Gras Tau', 'upload/9a6398cffc55ade35b39f1e41cf46c7c491744961853ff9571d09abb55a78976f72c34cd7a8787674efa1c226eaa2494dbd0a133169c9e4e2369a7d2d02de31a.jpeg', 0.60, '/img/upload/0d1c1ce43d3e4eef742d753513b9d894cf41a5fbd41271c7c29246c544781dd7af019c0a7a01862b1ce50f3033aaab611d4b574a27867e1dc1c71ff88aed15ee.jpeg', '/img/upload/3a11f279e67b6c393737a933ae15a109e769b1608877f2bbe9e5b9c69400ab5ca40085a911a7a905e5be03ebba7229a95aa6b6373c6493be0fb89d4ad31246e9.jpeg');
INSERT INTO RES_IMAGE(ID, CREATED_AT, CREATED_BY, UPDATED_AT, UPDATED_BY, DESCRIPTION, IS_ENABLED, IS_PUBLIC, METADATA, MIME, MOBILE_THUMB_PATH, NAME, PATH, PRICE, SMALL_THUMB_PATH, THUMB_PATH) VALUES (16, TIMESTAMP '2015-01-08 15:24:50.501', 'julian@test.de', TIMESTAMP '2015-01-08 15:46:15.595', NULL, 'Natur', TRUE, FALSE, '[{"description":"Baseline","tag":"Compression Type","directoryName":"Jpeg"},{"description":"8 bits","tag":"Data Precision","directoryName":"Jpeg"},{"description":"1875 pixels","tag":"Image Height","directoryName":"Jpeg"},{"description":"2500 pixels","tag":"Image Width","directoryName":"Jpeg"}]', 'jpeg', '/img/upload/fdeefadf6b18a52e0cf09a22004547a2b4e39b09083e507a3196c42257c8c5e22f5f698d350e8a37713cfb5e10edf5af493e06961966999509c476f7ac88dcbc.jpeg', 'Gelbes Feld', 'upload/7c73947fa1821233428dd9684e52ce908130a91b903d5179f731c9ded61f06cecca427a7a1a5aabefaa35be5a6dd84efc03f2cb779f339b0766481eabb241e0c.jpeg', 0.80, '/img/upload/98c984ec122b6b4feca35fc3a55d1d2fc7f758eac869e4952efb657bce6d4d67bbf9e6504dc85821419260782540d3ed900700012e353829d0a628ac5163c9bd.jpeg', '/img/upload/80a8643cdd3ba3a2baf7e81c8592b3fe8094aec42e5f33860723e3823dfaa440df2bfdaebc367454940a4dbce8f846c5979f32e88c238b6acd8adf581ff8d386.jpeg');
INSERT INTO RES_IMAGE(ID, CREATED_AT, CREATED_BY, UPDATED_AT, UPDATED_BY, DESCRIPTION, IS_ENABLED, IS_PUBLIC, METADATA, MIME, MOBILE_THUMB_PATH, NAME, PATH, PRICE, SMALL_THUMB_PATH, THUMB_PATH) VALUES (17, TIMESTAMP '2015-01-08 15:24:50.799', 'julian@test.de', TIMESTAMP '2015-01-08 15:38:57.277', NULL, 'Geld,Blume', TRUE, FALSE, '[{"description":"Baseline","tag":"Compression Type","directoryName":"Jpeg"},{"description":"8 bits","tag":"Data Precision","directoryName":"Jpeg"},{"description":"1930 pixels","tag":"Image Height","directoryName":"Jpeg"},{"description":"3200 pixels","tag":"Image Width","directoryName":"Jpeg"}]', 'jpeg', '/img/upload/797d019189710c572734e24e162cea04e93a6daa7a5c1cc95c31026062c958e029699c660cce73f8313cb9e0d8ea38cd7ee6dd163d931590b22e4025040b7d46.jpeg', 'Geld Blume', 'upload/dc2de67eb248dcdc50c63aabd1bca8335ad01106dd8ff720590077c161f558a7b61db3c56b3a32997597a3db98fd191c3e9e7fdf555aac1525f0b5342cac4088.jpeg', 0.60, '/img/upload/e796be015238a5fc93e579ecfe817a3cf08206efb973afeb6646aff876b6caaa2fe3b4af2d8f89f404efe9777ad7bd67410d210b70f8b962b44240d931728491.jpeg', '/img/upload/06af2349df0b19943c5d3580ed8a8136503e857ca927a9638672035db16b17d616591108cb7484d55cd95187029e699957f8a6e78192d82f4bceca22dbb8e3b0.jpeg');
INSERT INTO RES_IMAGE(ID, CREATED_AT, CREATED_BY, UPDATED_AT, UPDATED_BY, DESCRIPTION, IS_ENABLED, IS_PUBLIC, METADATA, MIME, MOBILE_THUMB_PATH, NAME, PATH, PRICE, SMALL_THUMB_PATH, THUMB_PATH) VALUES (18, TIMESTAMP '2015-01-08 15:24:51.136', 'julian@test.de', TIMESTAMP '2015-01-08 15:39:40.406', NULL, 'Blume', TRUE, FALSE, '[{"description":"Baseline","tag":"Compression Type","directoryName":"Jpeg"},{"description":"8 bits","tag":"Data Precision","directoryName":"Jpeg"},{"description":"2880 pixels","tag":"Image Height","directoryName":"Jpeg"},{"description":"5120 pixels","tag":"Image Width","directoryName":"Jpeg"}]', 'jpeg', '/img/upload/d349d148a41d187028c2053503405c600d013ef965b40f1dfb4c2e348ad23d1732705c9d958c2fe4d048449190cca92feb44b7e3909bc7e1834ca3c244b1d93a.jpeg', 'Rote Blume', 'upload/f107ba2da059fa640eccb9533e859a6435f6b83aa2e0636a47444dfdcde33a6e1f3cc1c9437bcfd42675af265a0d0b9d66c86c9e66347aa41534204745e41fb8.jpeg', 0.40, '/img/upload/d53b88f13a1ea5d0b78012e2ba47fd90e233efc654eef95e2ac99c6a4a46f1974ba214a65ff7cf15dae9ac9fe9b0e7b01e64682aae32bb59396c9fd10258c369.jpeg', '/img/upload/75214794f4f9098141a67493e419dd2777eb5281dcbc7602a4c680606075ab9ff569ae529715d6a07f080af1748293b36249638e42f76dbded05fe2af91b7aaf.jpeg');
INSERT INTO RES_IMAGE(ID, CREATED_AT, CREATED_BY, UPDATED_AT, UPDATED_BY, DESCRIPTION, IS_ENABLED, IS_PUBLIC, METADATA, MIME, MOBILE_THUMB_PATH, NAME, PATH, PRICE, SMALL_THUMB_PATH, THUMB_PATH) VALUES (19, TIMESTAMP '2015-01-08 15:24:51.759', 'julian@test.de', TIMESTAMP '2015-01-08 15:32:34.63', NULL, 'Hintergrund', TRUE, FALSE, '[{"description":"Baseline","tag":"Compression Type","directoryName":"Jpeg"},{"description":"8 bits","tag":"Data Precision","directoryName":"Jpeg"},{"description":"2880 pixels","tag":"Image Height","directoryName":"Jpeg"},{"description":"5120 pixels","tag":"Image Width","directoryName":"Jpeg"}]', 'jpeg', '/img/upload/e8f961452e34bd718daa235bab6a9f6186165df28d0baa9d394cdab75be532fe969995706edc1232ab3833c4ba3d9ea3c465a8e0facf1540d0351c6bbc6abcde.jpeg', 'Sand', 'upload/8d89aa701de5a35b24cfadbd2088986ae13311d1a7c63abe5c780c62bc939a0577c3a78cf7ee4951c1b09f6849074c21ca1f7023e89bee683c1dbb2134a984d0.jpeg', 0.10, '/img/upload/212ad9638819123b36ef8673536bf217ed7fc633ff43e9ec5ca049e15f7d99055af49109a9e61a361d7ccb8db8408f697bcb4860cea69463dec5fbd32ac7de69.jpeg', '/img/upload/f5d6d5e7da9fb8f956a9bb046cc7c11ef7212530a8805dcb7c8beae6945a1df311c4641086108b332a973f6e4e395ffae0bc69241edf09adac1e02a9b1a482f6.jpeg');
INSERT INTO RES_IMAGE(ID, CREATED_AT, CREATED_BY, UPDATED_AT, UPDATED_BY, DESCRIPTION, IS_ENABLED, IS_PUBLIC, METADATA, MIME, MOBILE_THUMB_PATH, NAME, PATH, PRICE, SMALL_THUMB_PATH, THUMB_PATH) VALUES (20, TIMESTAMP '2015-01-08 15:24:52.606', 'julian@test.de', TIMESTAMP '2015-01-08 15:41:29.937', NULL, 'Natur,Dorf', TRUE, FALSE, '[{"description":"Baseline","tag":"Compression Type","directoryName":"Jpeg"},{"description":"8 bits","tag":"Data Precision","directoryName":"Jpeg"},{"description":"460 pixels","tag":"Image Height","directoryName":"Jpeg"},{"description":"802 pixels","tag":"Image Width","directoryName":"Jpeg"}]', 'jpeg', '/img/upload/48178e5a5c2ac5a36de00ee29346572d981938fe809b98aa49b0bc88b8ee7608527d613b7b753acf7404ef4224d976ecf261d746fd02cde4ad4b198d7483cc23.jpeg', 'Dorf', 'upload/dfa5d1cefd0efdf5f52b765120da72c5706eb1dd113234cfdf31e31f9cd0283366f6a8f7230f29ea42d83acfe02743dc2504cda07c30f6e84bf9b1ca35966266.jpeg', 0.40, '/img/upload/4775333c71bff71edca3153f2b416f8f8e29d2973020d90fbedbabf7b839a08d7f2bab33c74456b2844eb45e95ab78912657ccd13cdd20b4112e6a5297d83399.jpeg', '/img/upload/0e3e02827609dbfed4a6f10e5e625c19f7f5782b54c6715a506213ac124deab02983e7087ee33455d0c974a8d6184471c2c55a4ce34baf477e7d402222f6de00.jpeg');
INSERT INTO RES_IMAGE(ID, CREATED_AT, CREATED_BY, UPDATED_AT, UPDATED_BY, DESCRIPTION, IS_ENABLED, IS_PUBLIC, METADATA, MIME, MOBILE_THUMB_PATH, NAME, PATH, PRICE, SMALL_THUMB_PATH, THUMB_PATH) VALUES (21, TIMESTAMP '2015-01-08 15:24:52.674', 'julian@test.de', TIMESTAMP '2015-01-08 15:42:41.812', NULL, 'Sport,Golf', TRUE, FALSE, '[{"description":"Baseline","tag":"Compression Type","directoryName":"Jpeg"},{"description":"8 bits","tag":"Data Precision","directoryName":"Jpeg"},{"description":"1944 pixels","tag":"Image Height","directoryName":"Jpeg"},{"description":"2896 pixels","tag":"Image Width","directoryName":"Jpeg"}]', 'jpeg', '/img/upload/51e57cfe2b1fd47ef2af7e4c947dbfecc30072baaf516941ad863bad2f3ed0e978ed0006526cd06fd2f93265b55e4ce8efb0d89967e8c28c7b31d25cbe690bbd.jpeg', 'Golf Kugel', 'upload/198dabf4bac21cf35cddb48db0f8b67c56b2bdf63767242aea7342fe68c0b9df8d37f3e47a134648e19f1640e158f2e527e636db122a9143307cf309efcb85d9.jpeg', 0.20, '/img/upload/0089895f1b0caebaed1233fd2cb8dea2e05ff2639cfc29cddad07358ae2db93d35a19634ddd4a349c0acad09b1981a8b459d2be2e35bcd22fffc068dccaf4b74.jpeg', '/img/upload/3b20b3c7580a3b7dbff8d35dfdea383fe0429ee52037f9f0cc70bc638b206833eb80231fa1f09448b9b3d32b8339557bd2a95172b4b6165927c1c7ca35ae10a9.jpeg');

INSERT INTO RES_IMAGE(ID, CREATED_AT, CREATED_BY, UPDATED_AT, UPDATED_BY, DESCRIPTION, IS_ENABLED, IS_PUBLIC, METADATA, MIME, MOBILE_THUMB_PATH, NAME, PATH, PRICE, SMALL_THUMB_PATH, THUMB_PATH) VALUES (22, TIMESTAMP '2015-01-08 15:24:52.988', 'daniil@test.de', TIMESTAMP '2015-01-08 15:41:53.872', NULL, 'See,Natur', TRUE, FALSE, '[{"description":"Baseline","tag":"Compression Type","directoryName":"Jpeg"},{"description":"8 bits","tag":"Data Precision","directoryName":"Jpeg"},{"description":"2880 pixels","tag":"Image Height","directoryName":"Jpeg"},{"description":"5120 pixels","tag":"Image Width","directoryName":"Jpeg"}]', 'jpeg', '/img/upload/1eeceae30e8e31227cd79a6d691715acc47e0065f1eb6f88c32706b89e0c0e8e9882d9c96a960e6ff30b04cb688d2ec123db743bd46bb1ba1556a90b6f9dc46a.jpeg', 'Welle', 'upload/6ad275d26c200e81534d9996183c8748ddfabc7b0a011a90f46301626d709923474703cacab0ff8b67cd846b6cb55b23a39b03fbdfb5218eec3373cf7010a166.jpeg', 1.20, '/img/upload/0f5df1c8510e318a085c079dd3a15e83d05a8b8fb8b469d1c33ea6a65c5c85107f9a19d05dbb2d0dd19ece27fd9540a2dae9ee85ff0113792a19f86d555686ff.jpeg', '/img/upload/bd73c342148797e4f646a6aa969af6fd1028f72e78afc39b2860ea47f65592061ba2fb304f9f50698dece74dac38a9f4e667765b9c9f928328eb495755e826a9.jpeg');
INSERT INTO RES_IMAGE(ID, CREATED_AT, CREATED_BY, UPDATED_AT, UPDATED_BY, DESCRIPTION, IS_ENABLED, IS_PUBLIC, METADATA, MIME, MOBILE_THUMB_PATH, NAME, PATH, PRICE, SMALL_THUMB_PATH, THUMB_PATH) VALUES (23, TIMESTAMP '2015-01-08 15:24:53.698', 'daniil@test.de', TIMESTAMP '2015-01-08 15:43:05.916', NULL, 'Natur,See,Insel', TRUE, FALSE, '[{"description":"Baseline","tag":"Compression Type","directoryName":"Jpeg"},{"description":"8 bits","tag":"Data Precision","directoryName":"Jpeg"},{"description":"2000 pixels","tag":"Image Height","directoryName":"Jpeg"},{"description":"3200 pixels","tag":"Image Width","directoryName":"Jpeg"}]', 'jpeg', '/img/upload/91e4595ec0f48e9ac4d32eb3eb3c8fe147519d6da94da6a54b002f2cc515600bce57e24fa641da107be4ee16f5a6b9bb7d1218734a710231b364322391eb0e0b.jpeg', 'SeeInsel', 'upload/6ff334e1051a09e90127ba4e309e026bb830163a2ce3a355af2ce2310ff6e7e9830d20196a3472bfc8632fd3b60cb56102a84fae70ab1a32942055eb40022225.jpeg', 1.40, '/img/upload/2364a51e53f76dcb0e6d72e17e8ccb9f797adfd0db733706fe80e31abca72340ee6b5d4fe771ad9ed09599f7e0f205d03747055722c6bd6331797cb4713f25c5.jpeg', '/img/upload/886abcfe86fb1ca0d823ed140504fb404c4a3f61e50ac5cbad9f669806c2d6c41080a508fe0d52326b18640a6aee4078204ec24209d53003ec992c2af84a02b5.jpeg');
INSERT INTO RES_IMAGE(ID, CREATED_AT, CREATED_BY, UPDATED_AT, UPDATED_BY, DESCRIPTION, IS_ENABLED, IS_PUBLIC, METADATA, MIME, MOBILE_THUMB_PATH, NAME, PATH, PRICE, SMALL_THUMB_PATH, THUMB_PATH) VALUES (24, TIMESTAMP '2015-01-08 15:24:53.996', 'daniil@test.de', TIMESTAMP '2015-01-08 15:35:15.183', NULL, 'Natur', TRUE, FALSE, '[{"description":"Baseline","tag":"Compression Type","directoryName":"Jpeg"},{"description":"8 bits","tag":"Data Precision","directoryName":"Jpeg"},{"description":"2000 pixels","tag":"Image Height","directoryName":"Jpeg"},{"description":"3200 pixels","tag":"Image Width","directoryName":"Jpeg"}]', 'jpeg', '/img/upload/80dbb5e3aaee7b02cbadb01d5f8cbe8b89f10cf443567d2dcb11f38737e7f2c618c2ef05c0df50085ad76c7c76e183e7173f9e669fdec1dad3f41189c81a4b9d.jpeg', 'Wasserfall Adler', 'upload/c0033b5f5a4815a172984d64037dd49a8663fb8b3a71e47f11ecd332c8c3819c57e1631fdf46d66c6ff0e58763a61529fefcfa2a6675e186ee901e5452fedd94.jpeg', 5.00, '/img/upload/6d99904b812086b1b943cea9d588bd022c890a4093102874c7ff892d70d776ba36d9370bb0e0b8cc1c1ec80d541f7dfc625ecc2922ee56570686d88387e5fdc0.jpeg', '/img/upload/0c5005da9da10d05bae248643de1fc86df49d999f27bc281f39f01e87333ca83791aea018e7ebab569417e60cacc07d9dca4c229c7e62448217ae93b2221a6aa.jpeg');
INSERT INTO RES_IMAGE(ID, CREATED_AT, CREATED_BY, UPDATED_AT, UPDATED_BY, DESCRIPTION, IS_ENABLED, IS_PUBLIC, METADATA, MIME, MOBILE_THUMB_PATH, NAME, PATH, PRICE, SMALL_THUMB_PATH, THUMB_PATH) VALUES (25, TIMESTAMP '2015-01-08 15:24:54.369', 'daniil@test.de', TIMESTAMP '2015-01-08 15:30:10.015', NULL, 'Natur,Berg', TRUE, FALSE, '[{"description":"Baseline","tag":"Compression Type","directoryName":"Jpeg"},{"description":"8 bits","tag":"Data Precision","directoryName":"Jpeg"},{"description":"2820 pixels","tag":"Image Height","directoryName":"Jpeg"},{"description":"5013 pixels","tag":"Image Width","directoryName":"Jpeg"}]', 'jpeg', '/img/upload/395cad548dd205fb23fcf063501560e25db1ba45d318d5376c52ed73be81cbd66dcd8c1ee2dc3e5706d944bc4dbbff7f4a711a87e0cddeab6e7bf6cf7c9e2ece.jpeg', 'Himmelberg', 'upload/5ef620ffb2ed44b40530c0a880fe6b809bf7cc9ce9f589eb2514bf42cec94ade4491c61da816544aebf1054da3d894fdfa218a9bdf73625cbaa1ea0126a47b71.jpeg', 2.30, '/img/upload/76b9d698b0a13846cfb687ec8f55f61c865cc5ef659614faa6a3e1a097a00afb3dfdb12f8bb0d14818d8732af8278de00308674026fcb09f86697820c32f3293.jpeg', '/img/upload/e8355dbc766bb25f4a44a54a294da8d82b69992d6bf89984dfb3552cfcdeae5f0899e9f5ceb7ce3a2616a98cb3b96e05b564c028e01e3e60c38305f7a8058000.jpeg');
INSERT INTO RES_IMAGE(ID, CREATED_AT, CREATED_BY, UPDATED_AT, UPDATED_BY, DESCRIPTION, IS_ENABLED, IS_PUBLIC, METADATA, MIME, MOBILE_THUMB_PATH, NAME, PATH, PRICE, SMALL_THUMB_PATH, THUMB_PATH) VALUES (26, TIMESTAMP '2015-01-08 15:24:55.139', 'daniil@test.de', TIMESTAMP '2015-01-08 15:37:47.624', NULL, 'Architektur', TRUE, FALSE, '[{"description":"Baseline","tag":"Compression Type","directoryName":"Jpeg"},{"description":"8 bits","tag":"Data Precision","directoryName":"Jpeg"},{"description":"1536 pixels","tag":"Image Height","directoryName":"Jpeg"},{"description":"2048 pixels","tag":"Image Width","directoryName":"Jpeg"}]', 'jpeg', '/img/upload/56b0f79b458e6d860a3450ec0683c01c44a23a35395795550794bd4b3bf74104c777125bdc32ee808095a0acbfa6f106ed8cd778923f52e472a32b34ecf5e865.jpeg', 'GoldenGate', 'upload/e053886e1b797bc5a80f932302f0201265a599d82e2502d41941d6e652614ef88fa058e009094d26655f880200df12c2100f690254fd1e5bae75d7441763cd33.jpeg', 0.20, '/img/upload/811e84ebfb34fdbbb94648d6477c80bf66d1b1e5fdb1e3628c06bb9a34e75cd15748265dcc8955017d305c045f37641e5f21f1fe650e65492a93cab66eb94afc.jpeg', '/img/upload/8570b627c4088801d7fa6c9dec1087e81bb5296b615decb0ce51b1e82bd84428c2d622c75a4cfdc532432fb4e2f59b72b241de68e3bb9cc3073cfae356be1f17.jpeg');
INSERT INTO RES_IMAGE(ID, CREATED_AT, CREATED_BY, UPDATED_AT, UPDATED_BY, DESCRIPTION, IS_ENABLED, IS_PUBLIC, METADATA, MIME, MOBILE_THUMB_PATH, NAME, PATH, PRICE, SMALL_THUMB_PATH, THUMB_PATH) VALUES (27, TIMESTAMP '2015-01-08 15:24:55.409', 'daniil@test.de', TIMESTAMP '2015-01-08 15:38:19.286', NULL, 'Natur,Wolke', TRUE, FALSE, '[{"description":"Baseline","tag":"Compression Type","directoryName":"Jpeg"},{"description":"8 bits","tag":"Data Precision","directoryName":"Jpeg"},{"description":"2880 pixels","tag":"Image Height","directoryName":"Jpeg"},{"description":"5120 pixels","tag":"Image Width","directoryName":"Jpeg"}]', 'jpeg', '/img/upload/c27effb2661dedfdb543935eab95b60a15abb79f3d787fe55812d2b81c1f95b6dd78dc795a140ca9448c07cc74f8a5cd30b665f9bb5ff5b0b74dad6ae2cef75d.jpeg', 'GrauWolke', 'upload/14f70566435cea4309176ad6a8aebb69ac8f99e9e211df66227522b5bb37c7a52e1f4de42543e4bb5346dbce23a636c7237a42e67ff4888befcc2167f7c2b451.jpeg', 0.10, '/img/upload/c32240670af2b54689c193503e828ec8d206e8984e226edba76eed52d175a1f9826a136f974985f714052c810cf345115ac670ea0fe9d0702a2069455719f59b.jpeg', '/img/upload/0d17ba782e41de7675f3cc06b93834b737a1ba2445b2149dafce69067d168ba4c11ce3ec2b23e3e5f3a269e047d2ca15c5b760ed9fb73e4146d0fb7418c35a99.jpeg');
INSERT INTO RES_IMAGE(ID, CREATED_AT, CREATED_BY, UPDATED_AT, UPDATED_BY, DESCRIPTION, IS_ENABLED, IS_PUBLIC, METADATA, MIME, MOBILE_THUMB_PATH, NAME, PATH, PRICE, SMALL_THUMB_PATH, THUMB_PATH) VALUES (28, TIMESTAMP '2015-01-08 15:24:56.001', 'daniil@test.de', TIMESTAMP '2015-01-08 15:42:18.089', NULL, 'See', TRUE, FALSE, '[{"description":"Baseline","tag":"Compression Type","directoryName":"Jpeg"},{"description":"8 bits","tag":"Data Precision","directoryName":"Jpeg"},{"description":"2880 pixels","tag":"Image Height","directoryName":"Jpeg"},{"description":"5120 pixels","tag":"Image Width","directoryName":"Jpeg"}]', 'jpeg', '/img/upload/7d7fc0af49ab6a5be2d5dec5dfaaf639573197df5ff266639d4bd39f33616edefb9c00db7ea5a4663169f57af63fe8e09df1acd9294d5491c2cf7d76d417a13b.jpeg', 'Kleiner See', 'upload/edbd48c836f826b5ed8d62b401cd19674ef1b8627b9c68a4639819a8564f57426c632b7c1d3dee8209c48c2396da0a3a08d160617f7291a1186ca6d9de5db272.jpeg', 0.30, '/img/upload/db10fabdfc1fe3bdd16de96f95709a58dc89b81268f40f0a471567bec4e30be97d1174ddf8b212823d86fefe3753de57fc4ea5ad9f452a562649921ef59a8e90.jpeg', '/img/upload/34a254b517fa5b4b2be01239b08a97b3319b0a9f39d9c8ba4db206281fd830cd9b7394d864534a666c60e0027236828db1c58952324fbdfc77884ae8d64591b6.jpeg');
INSERT INTO RES_IMAGE(ID, CREATED_AT, CREATED_BY, UPDATED_AT, UPDATED_BY, DESCRIPTION, IS_ENABLED, IS_PUBLIC, METADATA, MIME, MOBILE_THUMB_PATH, NAME, PATH, PRICE, SMALL_THUMB_PATH, THUMB_PATH) VALUES (29, TIMESTAMP '2015-01-08 15:50:04.858', 'daniil@test.de', TIMESTAMP '2015-01-08 16:18:54.442', NULL, 'Hintergrund', TRUE, FALSE, '[{"description":"Baseline","tag":"Compression Type","directoryName":"Jpeg"},{"description":"8 bits","tag":"Data Precision","directoryName":"Jpeg"},{"description":"2880 pixels","tag":"Image Height","directoryName":"Jpeg"},{"description":"5120 pixels","tag":"Image Width","directoryName":"Jpeg"}]', 'jpeg', '/img/upload/c2edf6bbf23fffe499b28526e2a13944e206acc5d986eaf316c7752e053a5d6a2a9923b9acbc31b64a10f792f0d999d54915d9133f0f63de5eaa4a42b1178ccb.jpeg', 'Picaso', 'upload/a64c0e99969683e7224137b2726353ffd630fc15cceda1c75169daef65c9802a54dfebffa3902943044fe3273ccce95d0ddfff08fdbae388357a79ce891cfe38.jpeg', 0.10, '/img/upload/23486975491474b15df3461b835c6e4ea088cbb0375b84ecc8e71634fab97da77abf38d48dfbbd161912a6ab869581b02d2cf3436ccdcf89f99e149d4cc03e6a.jpeg', '/img/upload/e082c172d941050bb275d1848a3284085955f1ff37e6c34371f45bc51a2bd947ff27f764c7f916ddcb23a31d06571748c2a3b6c9f96e576057592d06a5b28b1c.jpeg');
INSERT INTO RES_IMAGE(ID, CREATED_AT, CREATED_BY, UPDATED_AT, UPDATED_BY, DESCRIPTION, IS_ENABLED, IS_PUBLIC, METADATA, MIME, MOBILE_THUMB_PATH, NAME, PATH, PRICE, SMALL_THUMB_PATH, THUMB_PATH) VALUES (30, TIMESTAMP '2015-01-08 15:50:05.813', 'daniil@test.de', TIMESTAMP '2015-01-08 16:12:50.336', NULL, 'Natur,Himmel,Mond', TRUE, FALSE, '[{"description":"Baseline","tag":"Compression Type","directoryName":"Jpeg"},{"description":"8 bits","tag":"Data Precision","directoryName":"Jpeg"},{"description":"2000 pixels","tag":"Image Height","directoryName":"Jpeg"},{"description":"3200 pixels","tag":"Image Width","directoryName":"Jpeg"}]', 'jpeg', '/img/upload/e8863f5c8a59425bec3cd82e69e0ffb5c245173f627075e7cad9e1894c06ab1bb152b361ea17e4ecf9a379300252191beee60fe100195115416511ecb49a02ec.jpeg', 'Mond', 'upload/1ccbff33e55627a50beca8cf5c89f77c3165dcb3218171308423f250f0bb0be9700bbfdd92d35dfa2e579110266a40194d707b50e7d27b6f09b81fbbf80231a3.jpeg', 0.40, '/img/upload/c15444ae66f4babf76dd71563eb842c31dc9e2271baa295f33c890899be87d476746394f6f8bf9b2c079e96d54f39b7fe84bbd45a7b272d4db23bfed5437f509.jpeg', '/img/upload/710920770427c5f56dc6ddfebc2e2cbe6f4b6602bf8d65bfb014be0e8ab18db08f5474a6630f850d12f4b82e59c43d3e838f975ba7a0751a3db76ac3fbfc335e.jpeg');
INSERT INTO RES_IMAGE(ID, CREATED_AT, CREATED_BY, UPDATED_AT, UPDATED_BY, DESCRIPTION, IS_ENABLED, IS_PUBLIC, METADATA, MIME, MOBILE_THUMB_PATH, NAME, PATH, PRICE, SMALL_THUMB_PATH, THUMB_PATH) VALUES (31, TIMESTAMP '2015-01-08 15:50:06.128', 'daniil@test.de', TIMESTAMP '2015-01-08 16:11:39.255', NULL, 'Dorf', TRUE, FALSE, '[{"description":"Baseline","tag":"Compression Type","directoryName":"Jpeg"},{"description":"8 bits","tag":"Data Precision","directoryName":"Jpeg"},{"description":"828 pixels","tag":"Image Height","directoryName":"Jpeg"},{"description":"1237 pixels","tag":"Image Width","directoryName":"Jpeg"}]', 'jpeg', '/img/upload/a94175ef0d5331387da4141fea0cc509d3e31e2aac9c29d38509016cdd05a1348f8b03ef073e9758f558d52060796aa874c16a5d3f6cb6d03d7e4edaa07b96eb.jpeg', 'Bauerndorf', 'upload/5305f867c631e8335813a103a4942a93037c3d3b1982eab342fb495047dcc79e13299ab65b5f4a34400f15af384eda2ed7144671e83996334c0669fc8377a130.jpeg', 0.40, '/img/upload/ca07cb240640c08a9b133af3524ea16b34d5b52213e3683f55572c65773e7becaa1b64eb238146da77a384728c73a5df3d71ffa2f65490664410965ac0c68348.jpeg', '/img/upload/f7bbb42dc279aed42bf964e2b6e97e2e97bce6897f1a706baa08e7659c8b88364a7b3f7e14dc0c7513428c4839213105630f8aea453b3def56cf512f60c64707.jpeg');
INSERT INTO RES_IMAGE(ID, CREATED_AT, CREATED_BY, UPDATED_AT, UPDATED_BY, DESCRIPTION, IS_ENABLED, IS_PUBLIC, METADATA, MIME, MOBILE_THUMB_PATH, NAME, PATH, PRICE, SMALL_THUMB_PATH, THUMB_PATH) VALUES (32, TIMESTAMP '2015-01-08 15:50:06.219', 'daniil@test.de', TIMESTAMP '2015-01-08 16:05:14.659', NULL, 'Hintergrund', TRUE, FALSE, '[{"description":"Baseline","tag":"Compression Type","directoryName":"Jpeg"},{"description":"8 bits","tag":"Data Precision","directoryName":"Jpeg"},{"description":"2880 pixels","tag":"Image Height","directoryName":"Jpeg"},{"description":"5120 pixels","tag":"Image Width","directoryName":"Jpeg"}]', 'jpeg', '/img/upload/4494b7e5f5961e490578385637fe0a71ceea1688f3b40451da0c56054dc0a6b9872b3c9dc86bf280aac7350d2f56e55f0974289213300ac2c8d6a1283d984c88.jpeg', 'Picaso2', 'upload/e63006bd9f35f06cd20582fc8b34ae76a15080297be886decd6dfd42f59e5174a537e8cd92ef577297f967beb6b758c1835f4c270c251e10c12331fcd8635c53.jpeg', 0.10, '/img/upload/8b184da1b02daba9fc82cd320d71a2763361438ad98d35c0c77ab54ecef71e55e63b3c824b894b30198682429df64e2507ba4d56332e86ad4b330284a24cbe3c.jpeg', '/img/upload/c9fa4bacf0081ea7f2bec3726ef7a7762036b88b580ac236d46b836530dc40af10957a356d0d331c62c8399ace80d13b6919be4e6dcb831799ff0acf36c9cf40.jpeg');

INSERT INTO RES_IMAGE(ID, CREATED_AT, CREATED_BY, UPDATED_AT, UPDATED_BY, DESCRIPTION, IS_ENABLED, IS_PUBLIC, METADATA, MIME, MOBILE_THUMB_PATH, NAME, PATH, PRICE, SMALL_THUMB_PATH, THUMB_PATH) VALUES (33, TIMESTAMP '2015-01-08 15:50:07.053', 'eric@test.de', TIMESTAMP '2015-01-08 16:18:26.635', NULL, 'Natur,See,Berg', TRUE, FALSE, '[{"description":"Baseline","tag":"Compression Type","directoryName":"Jpeg"},{"description":"8 bits","tag":"Data Precision","directoryName":"Jpeg"},{"description":"2880 pixels","tag":"Image Height","directoryName":"Jpeg"},{"description":"5120 pixels","tag":"Image Width","directoryName":"Jpeg"}]', 'jpeg', '/img/upload/f30f933ec2323c5f4aa062e29134599ed25e5c49c2a8ec4b5f37021dbcccea46d4954d44e7f5dc268b1302a4f73096263e773c2230934599670ee4349c8dffe4.jpeg', 'Seespiegel', 'upload/3163a8d6a4540ecf1794ece0245f291154d30e1080359d2e994ef79c1a469aa0cd808769d9c7ee30ca342c6803d2ebcec3eb71a928d6db187dfb1fc2cf640395.jpeg', 2.10, '/img/upload/298d485420fbcb621182207552a42fe305ec2c47448857a992bcd1f8b4d8cee72d136a2f12f4b846dea00c285a43bea305be509e84d1371f6ce082f1567a4b42.jpeg', '/img/upload/0ac8b34cbba6dde2ac7db37d8527ec813d1313886b6ce7d892b730f3a0c180b3de070ab215f2b954b5c37b6320bd8e7b4beb61a645c2333f9d821f83ba53d502.jpeg');
INSERT INTO RES_IMAGE(ID, CREATED_AT, CREATED_BY, UPDATED_AT, UPDATED_BY, DESCRIPTION, IS_ENABLED, IS_PUBLIC, METADATA, MIME, MOBILE_THUMB_PATH, NAME, PATH, PRICE, SMALL_THUMB_PATH, THUMB_PATH) VALUES (34, TIMESTAMP '2015-01-08 15:50:07.669', 'eric@test.de', TIMESTAMP '2015-01-08 16:17:00.172', NULL, 'Natur,Sonne,Wald', TRUE, FALSE, '[{"description":"Baseline","tag":"Compression Type","directoryName":"Jpeg"},{"description":"8 bits","tag":"Data Precision","directoryName":"Jpeg"},{"description":"2880 pixels","tag":"Image Height","directoryName":"Jpeg"},{"description":"5120 pixels","tag":"Image Width","directoryName":"Jpeg"}]', 'jpeg', '/img/upload/7ab2bfe7ea18f5d051a30260f31be9069fd713829ae0797b5a003037e2c74badc851a1a92eca54b48c8f21dee22e7c68265bb06cccb8d0ec276c3b915d9dc6fa.jpeg', 'Sonnenstrahl', 'upload/e5397f14c44f8df754617194051dab1ad38f59f08580406c2efd59aa4c0f71616713c2abe76bc503e08f2f5eda4863634f6fe99ad39d46c947c09623b91e53ca.jpeg', 0.40, '/img/upload/d235a4d02079af6f722df692d1b1584fde9c54205d51ef594064a89f188f979ad33e3f43d3d45a441a36e2b011b0c83d54be9dfb214ac834fd3783c735402df3.jpeg', '/img/upload/e87aa90c59b5e1106a57e2a438fe3002a0b285f6026d7e9ab18fd70f26339184568222a35c9f37f58a4f5c76053a8a2d782e422add5aac7bbed7164f1480ed27.jpeg');
INSERT INTO RES_IMAGE(ID, CREATED_AT, CREATED_BY, UPDATED_AT, UPDATED_BY, DESCRIPTION, IS_ENABLED, IS_PUBLIC, METADATA, MIME, MOBILE_THUMB_PATH, NAME, PATH, PRICE, SMALL_THUMB_PATH, THUMB_PATH) VALUES (35, TIMESTAMP '2015-01-08 15:50:08.305', 'eric@test.de', TIMESTAMP '2015-01-08 16:13:16.7', NULL, 'Natur,Winter', TRUE, FALSE, '[{"description":"Baseline","tag":"Compression Type","directoryName":"Jpeg"},{"description":"8 bits","tag":"Data Precision","directoryName":"Jpeg"},{"description":"2880 pixels","tag":"Image Height","directoryName":"Jpeg"},{"description":"5120 pixels","tag":"Image Width","directoryName":"Jpeg"}]', 'jpeg', '/img/upload/9598a42b6ce276f68d1302af7e98704cd05da3c8e9ab7fcacee7485460cc4664fb98b27ee7fad0dc6017dca050d3209ae505aef5cb410bd9229ae35e6ea72b0b.jpeg', 'Eiswald', 'upload/7a4f07ef7ac81ec31e04d55faffe33bdde93ec2398c338760e0d98adab7ba5acf2c39b2da1782f45e8a5a4d337dedcc647afebddd531782af42bafae98ce7ed5.jpeg', 1.90, '/img/upload/d3488a464b4323c6fbe69e250d421788b7c564fe047f103c3b3926eab2fae896deea5d1f7f406833ee29620942b4b9590283a90b2868ad674e05d88ef46a502a.jpeg', '/img/upload/872f76f0ed4b7a0cb4a8900f9d3b7e25838c6063727bb32504538146e7c908cfa91a9b113cd7099e574df5c8ec6668a6b3ce10aabbae11ecfec63abe9f569ed3.jpeg');
INSERT INTO RES_IMAGE(ID, CREATED_AT, CREATED_BY, UPDATED_AT, UPDATED_BY, DESCRIPTION, IS_ENABLED, IS_PUBLIC, METADATA, MIME, MOBILE_THUMB_PATH, NAME, PATH, PRICE, SMALL_THUMB_PATH, THUMB_PATH) VALUES (36, TIMESTAMP '2015-01-08 15:50:09.168', 'eric@test.de', TIMESTAMP '2015-01-08 16:17:59.697', NULL, 'Natur,Berg', TRUE, FALSE, '[{"description":"Baseline","tag":"Compression Type","directoryName":"Jpeg"},{"description":"8 bits","tag":"Data Precision","directoryName":"Jpeg"},{"description":"2880 pixels","tag":"Image Height","directoryName":"Jpeg"},{"description":"5120 pixels","tag":"Image Width","directoryName":"Jpeg"}]', 'jpeg', '/img/upload/a949f7df9667c7bdf689c9c2f706a42c9700ca33a6086d75f56114b98d1b167613b72898241fa0cf505c4c372b8e878b610e7c10b1dbe89ee3e155a6fd5ed148.jpeg', 'Vulkanberg', 'upload/22d862f2af40c95f5f6ee6e6b7883e3fdbe98b2a86ad1af794228371e806f7f3a7900140dc6f70961e87b297d6b49c3b9b7c3d511fa5ed8f23180cd4dce2bb89.jpeg', 1.60, '/img/upload/a23134185cf9227910782cd809fd8fed89fbcbb7cc1d908403ff337af0cd1535694088132b3b4cb480e59738ff1142971ae423a99fe6a4b9ef442e702ad9449e.jpeg', '/img/upload/9d33af5797f4fbdf9dc4ec990e20d68591f22c60ff0c85a1ac328be81adc51e9657875d9c2b17ab597a7249a3efcfff1b133dcda1cf3468fa6002588beb3f64c.jpeg');
INSERT INTO RES_IMAGE(ID, CREATED_AT, CREATED_BY, UPDATED_AT, UPDATED_BY, DESCRIPTION, IS_ENABLED, IS_PUBLIC, METADATA, MIME, MOBILE_THUMB_PATH, NAME, PATH, PRICE, SMALL_THUMB_PATH, THUMB_PATH) VALUES (37, TIMESTAMP '2015-01-08 15:50:09.781', 'eric@test.de', TIMESTAMP '2015-01-08 16:13:47.05', NULL, 'Feuerwerk,Silvester', TRUE, FALSE, '[{"description":"Baseline","tag":"Compression Type","directoryName":"Jpeg"},{"description":"8 bits","tag":"Data Precision","directoryName":"Jpeg"},{"description":"3008 pixels","tag":"Image Height","directoryName":"Jpeg"},{"description":"2000 pixels","tag":"Image Width","directoryName":"Jpeg"}]', 'jpeg', '/img/upload/18705f018a0cfe172adf5525f27b4521fec955e22338482aaf2cd52ee77d046afb5f864d2db3567b8eec875da99e51a45955f669579d1ac0e8c5ce0ec6d36fed.jpeg', 'Silverster 2015', 'upload/c21e553cd53f8b212922b2be07a9ca1a83d1d347752fb240acdf414e2dd8983da10aa65c6e7d1da6b24ba918d54d56f04135fb93cbf719cc8a4ad0433b298121.jpeg', 0.40, '/img/upload/4ad48e1432eb47959efc1cc05b5b58b515cfdec1cf6c403da57e3251a48190412c8234d5d991d9c2e05d3937adfb4062944e06c8bfd201bad58c2af3e908af38.jpeg', '/img/upload/585447a6f9bc229c0d87f28fb0862d45bae759def89b6b7ad2efacf429f8af5e3632c2fa62d8b6d86e2e545dfb1c2f613b46ea006c8723e52b97e089d6065342.jpeg');
INSERT INTO RES_IMAGE(ID, CREATED_AT, CREATED_BY, UPDATED_AT, UPDATED_BY, DESCRIPTION, IS_ENABLED, IS_PUBLIC, METADATA, MIME, MOBILE_THUMB_PATH, NAME, PATH, PRICE, SMALL_THUMB_PATH, THUMB_PATH) VALUES (38, TIMESTAMP '2015-01-08 15:50:10.118', 'eric@test.de', TIMESTAMP '2015-01-08 16:05:54.479', NULL, 'Natur,Berg,Winter', TRUE, FALSE, '[{"description":"Baseline","tag":"Compression Type","directoryName":"Jpeg"},{"description":"8 bits","tag":"Data Precision","directoryName":"Jpeg"},{"description":"2880 pixels","tag":"Image Height","directoryName":"Jpeg"},{"description":"5120 pixels","tag":"Image Width","directoryName":"Jpeg"}]', 'jpeg', '/img/upload/ffe81aa53dedc881b0858f04ed05824fe004086e5c0277826091740585a8e7757998257ebf17eba4145d16760448f77cc28d5609b5bcdf47a8e3b820b83495a4.jpeg', 'Schneeberg', 'upload/caae34a5e81031268bcdaf6f1d8c04d37b7f2c349afb705b575966f63e2ebf0fd910c3b05160ba087ab7af35d40b7c719c53cd8b947c96111f64105fd45cc1b2.jpeg', 0.70, '/img/upload/bc4aa56f042761dac83e496646e0e0813b520473e7ad0b8a5b2e290681feb2ce4314ffcc975334bc4a70cbda4e6d3a5abeebe716b595f3284c544d085513d88c.jpeg', '/img/upload/041e70be88387b2fa3f2ba565c5ecfe6b65ecd746dea25ad70ecb4dd4428d069f33fd392466d706202996ce5f37564bebbe4e60523c425ec813981e24a933762.jpeg');
INSERT INTO RES_IMAGE(ID, CREATED_AT, CREATED_BY, UPDATED_AT, UPDATED_BY, DESCRIPTION, IS_ENABLED, IS_PUBLIC, METADATA, MIME, MOBILE_THUMB_PATH, NAME, PATH, PRICE, SMALL_THUMB_PATH, THUMB_PATH) VALUES (39, TIMESTAMP '2015-01-08 15:50:11.05', 'eric@test.de', TIMESTAMP '2015-01-08 15:57:25.92', NULL, 'Natur,See,Nebel', TRUE, FALSE, '[{"description":"Baseline","tag":"Compression Type","directoryName":"Jpeg"},{"description":"8 bits","tag":"Data Precision","directoryName":"Jpeg"},{"description":"2880 pixels","tag":"Image Height","directoryName":"Jpeg"},{"description":"5120 pixels","tag":"Image Width","directoryName":"Jpeg"}]', 'jpeg', '/img/upload/c771f287c730b736a518f2eb8568de5e4f600185c14fc183611cdad26f2365807d3f73144cf2a448dc14d646a6663b4bf27236b3ca92ce048d62df20aec7a2ea.jpeg', 'Nebelsee', 'upload/3eb88e150a4d2a351c7cdcbbe6dbe0e549339dc651dedaba39ee5f53f95e614fadd959c69402cefbbd88e50efa1c5811528e9b4c9dda137ffa4c8daab5a1fb11.jpeg', 1.10, '/img/upload/59c2ab07a96edbc4a34bf5a78c8b97ee3b03e5fab920bd17e71b5434bafc51188083c0e7ab2c17d2f2173bb33fae268945ad81c3d12ec57f0818ede1f9d92eb6.jpeg', '/img/upload/6d10fee32c41c5cf0b53e020e7e470a6b74a0bbffac8ba4970332be3a2dd659bcd701c52683cbd2d869060fa1aaa52f3f2359df4b2acf20ef13d58ef3daf72c6.jpeg');
INSERT INTO RES_IMAGE(ID, CREATED_AT, CREATED_BY, UPDATED_AT, UPDATED_BY, DESCRIPTION, IS_ENABLED, IS_PUBLIC, METADATA, MIME, MOBILE_THUMB_PATH, NAME, PATH, PRICE, SMALL_THUMB_PATH, THUMB_PATH) VALUES (40, TIMESTAMP '2015-01-08 15:50:11.667', 'eric@test.de', TIMESTAMP '2015-01-08 16:12:28.696', NULL, 'Natur,Berg', TRUE, FALSE, '[{"description":"Baseline","tag":"Compression Type","directoryName":"Jpeg"},{"description":"8 bits","tag":"Data Precision","directoryName":"Jpeg"},{"description":"3048 pixels","tag":"Image Height","directoryName":"Jpeg"},{"description":"5418 pixels","tag":"Image Width","directoryName":"Jpeg"}]', 'jpeg', '/img/upload/bf7f8536b9300c5ccf5856f7e00d3ad9dd3cea1c47b7dba98c6024f34b91e428c58d085d694ac1d52b430301d3fd53c77873b81f84a24240b108ee65b339d200.jpeg', 'BergInSonne', 'upload/5e108bc2842d7716815913af0b3d5cb59563fa9116f71b9a17b37d6d445fe778a071b6abcf9b1c5bac2be00800c74e29d69774a66570908d5ea848dcc0abfa76.jpeg', 1.90, '/img/upload/2d6ddd420afafe5e9d504cc842b4f53d1344b722c98c19e38ac1df82b72cb4740eb499927e675619336ee382d07901853905a8b454564f815ba593e5ef393e3c.jpeg', '/img/upload/4588fa22f2dd22fc7d0db93eebea78163319611f0707b1597f8e35f64791f30eae0a7be155e697b2d1c7e230d6db52fbccf80d632822c3e38fc462d0f0c1f984.jpeg');
INSERT INTO RES_IMAGE(ID, CREATED_AT, CREATED_BY, UPDATED_AT, UPDATED_BY, DESCRIPTION, IS_ENABLED, IS_PUBLIC, METADATA, MIME, MOBILE_THUMB_PATH, NAME, PATH, PRICE, SMALL_THUMB_PATH, THUMB_PATH) VALUES (41, TIMESTAMP '2015-01-08 15:50:12.55', 'eric@test.de', TIMESTAMP '2015-01-08 16:19:27.33', NULL, 'Hintergrund', TRUE, FALSE, '[{"description":"Baseline","tag":"Compression Type","directoryName":"Jpeg"},{"description":"8 bits","tag":"Data Precision","directoryName":"Jpeg"},{"description":"2880 pixels","tag":"Image Height","directoryName":"Jpeg"},{"description":"5120 pixels","tag":"Image Width","directoryName":"Jpeg"}]', 'jpeg', '/img/upload/f43f14b47aa8dd13196b541eb14e280f3903ead7f301f26ff0d9d4d3e8795189870f8262b60167a18ff9fbf554ba5d86d4f0256ad564b2a4874f1441757a97c7.jpeg', 'Pinkfeld', 'upload/e145ddd4c63521bd646145211682ea52dff04e67e79889fab04613dc7b6693368af53eb483dd22d278f6aa21bf180b1c83a1e3130e612f5722e50f11af694842.jpeg', 0.40, '/img/upload/61f4d8e71b27522e850ec5280e8b792e5f2abab9e4abd381f77ee340a4c4f8812dcfe98450422521a817100ea69e3324fdb97b0d3b2340626536d6b4cde398c2.jpeg', '/img/upload/872a2b0a7f4bb4d8a0c336adf9572bb4d1aaff53c65e914f8018623c488dc3ddd1fffe6421886d82bbedb16022904d809c36a612ddd25330131ddcd0148d6370.jpeg');
INSERT INTO RES_IMAGE(ID, CREATED_AT, CREATED_BY, UPDATED_AT, UPDATED_BY, DESCRIPTION, IS_ENABLED, IS_PUBLIC, METADATA, MIME, MOBILE_THUMB_PATH, NAME, PATH, PRICE, SMALL_THUMB_PATH, THUMB_PATH) VALUES (42, TIMESTAMP '2015-01-08 15:50:13.351', 'eric@test.de', TIMESTAMP '2015-01-08 16:12:02.08', NULL, 'Tiere,Löwe', TRUE, FALSE, '[{"description":"Baseline","tag":"Compression Type","directoryName":"Jpeg"},{"description":"8 bits","tag":"Data Precision","directoryName":"Jpeg"},{"description":"2000 pixels","tag":"Image Height","directoryName":"Jpeg"},{"description":"3200 pixels","tag":"Image Width","directoryName":"Jpeg"}]', 'jpeg', '/img/upload/691b19ada32b67875afd2faf73e5704503883f34d7098289a9c43b7e1a0f11178eca892d15a419c5977c5c16eb5f06db13f0440ce7f3910cca0b50f08ec9f280.jpeg', 'Löwe', 'upload/39ca7ce9ecc69f696bf7d20bb23dd1521b641f806cc7a6b724aaa6cdbffb3a023ff98ae73225156b2c6c9ceddbfc16f5453e8fa49fc10e5d96a3885546a46ef4.jpeg', 1.80, '/img/upload/ec6d2bb1af9c9e4774df4c692958a9f07b5ca8a4ebc4ae8975037387f036ae36adb968f0dd7243339ca7d002226b0cb98f7ec0480518927b0afa64e86d38f5c8.jpeg', '/img/upload/29f8ae1107c5035ac43112963d440d9cbf9ae0e1325aaa3f838a072561ddd7da333e6466b6f49e3ddaf1e6f51387626b4800c176b4abb290da5a7258228ff7e5.jpeg');
INSERT INTO RES_IMAGE(ID, CREATED_AT, CREATED_BY, UPDATED_AT, UPDATED_BY, DESCRIPTION, IS_ENABLED, IS_PUBLIC, METADATA, MIME, MOBILE_THUMB_PATH, NAME, PATH, PRICE, SMALL_THUMB_PATH, THUMB_PATH) VALUES (43, TIMESTAMP '2015-01-08 16:20:21.351', 'eric@test.de', TIMESTAMP '2015-01-08 16:21:19.488', NULL, 'Natur,Berg,Wald', TRUE, FALSE, '[{"description":"Baseline","tag":"Compression Type","directoryName":"Jpeg"},{"description":"8 bits","tag":"Data Precision","directoryName":"Jpeg"},{"description":"2880 pixels","tag":"Image Height","directoryName":"Jpeg"},{"description":"5120 pixels","tag":"Image Width","directoryName":"Jpeg"}]', 'jpeg', '/img/upload/bac84a10b99296c065b43b382f81627a33dc2bc4edf88ee9ab3bc5c8d86d91a3aa82fc0e4a2e779df6cec1e8c1e8b146151e4b658c3743e6120a74c6a64c05b4.jpeg', 'Waldberg', 'upload/d94a45acd81f8e3107d237dbc0d5d195f6a52a0d188bc0284c0763ece1eac9f9496fb6a531a296074c87b3540398dace1222b42e150e67c9301383fde3d66ae5.jpeg', 3.10, '/img/upload/58975695c362b431a1f205ab87b06a2dc966f5a2f21130ccb16c2af1a8afc0b32fa5cce7907b0e21bc8bde8bef1e427bb071c726febf416198093e829ef4069d.jpeg', '/img/upload/ebbe4e65877ec72fbc165e91a5abf8b5931b98075505e3ef8ac6ae27167efb3b6aea688420ddedd8c800d949a2117f7a5b494acd1073c5f0306d4d78f1cc4c48.jpeg');

INSERT INTO RES_IMAGE(ID, CREATED_AT, CREATED_BY, UPDATED_AT, UPDATED_BY, DESCRIPTION, IS_ENABLED, IS_PUBLIC, METADATA, MIME, MOBILE_THUMB_PATH, NAME, PATH, PRICE, SMALL_THUMB_PATH, THUMB_PATH) VALUES (44, TIMESTAMP '2015-01-08 16:20:21.993', 'sergej.heinz@test.de', TIMESTAMP '2015-01-08 16:27:46.127', NULL, 'Frosch', TRUE, FALSE, '[{"description":"Baseline","tag":"Compression Type","directoryName":"Jpeg"},{"description":"8 bits","tag":"Data Precision","directoryName":"Jpeg"},{"description":"2880 pixels","tag":"Image Height","directoryName":"Jpeg"},{"description":"5120 pixels","tag":"Image Width","directoryName":"Jpeg"}]', 'jpeg', '/img/upload/4a8665db301225088e776f44d70eeaaee641539143fe007c97ba2791282594d27b439ebf574aed5065192ee33308ea68796ba3f38e1b281941d14551c6afdbe9.jpeg', 'Frosch', 'upload/08856a9022cc1f4b7c90b2d059e64acb6f6c5ac11da907d86db6a3072e9d821c59603c1ea94a2e537bea0a38320d678c482a66eaaf1a79c4d3432ea41e51b721.jpeg', 1.30, '/img/upload/475da2e8a02c84b3ddb3f3328ee8efea7f8b65aa856fc1635d8cf9453dfb4a7d580b20fd4c84740d625ef4ad56a391e31521b64ad5b8ebbe56dd336bfed441d5.jpeg', '/img/upload/6fc6be9b90b3538ee37f3acd75e77ad3e1ece8bfbaa38dad14de3750a3e5f266fc19f3556306faf6349b83a98aaa7ab32362bf10821ade8539c4a896c232687e.jpeg');
INSERT INTO RES_IMAGE(ID, CREATED_AT, CREATED_BY, UPDATED_AT, UPDATED_BY, DESCRIPTION, IS_ENABLED, IS_PUBLIC, METADATA, MIME, MOBILE_THUMB_PATH, NAME, PATH, PRICE, SMALL_THUMB_PATH, THUMB_PATH) VALUES (45, TIMESTAMP '2015-01-08 16:20:22.748', 'sergej.heinz@test.de', TIMESTAMP '2015-01-08 16:21:41.91', NULL, 'Blume', TRUE, FALSE, '[{"description":"Baseline","tag":"Compression Type","directoryName":"Jpeg"},{"description":"8 bits","tag":"Data Precision","directoryName":"Jpeg"},{"description":"2880 pixels","tag":"Image Height","directoryName":"Jpeg"},{"description":"5120 pixels","tag":"Image Width","directoryName":"Jpeg"}]', 'jpeg', '/img/upload/832072659938352e2a930bc7efbf167c9fe5d47fa4c8d2d2533adb619762d9a32ceea62c9a4a1827e3189def0e5f43fa02531b2162de7914259f5f50166edab7.jpeg', 'Kleines Blümchen', 'upload/0b14aba28095d950570ca8cf3a68f33a4d2c3b1aec2a5dcf85df45b0e7cf615bc3e1d4b8ebcf3ee95c9f7b8cee721cefd12f33b5a40db14634c969d77906bac4.jpeg', 0.30, '/img/upload/f9687149541988756733286c8b03644bf95ee6ccd34068ec82672151cda816ac714284242fd5d582a864eb44c70c5d01472dac30b11a5d80691810c4c9c29758.jpeg', '/img/upload/7e4b64ae2781c8c43bb28d9dacebd0710f50338f565d9909b6105c5e19327f45acf823cbc0e7557df291d22dc012f767e905fcfd68c3cbe8b547057d9d99e9c0.jpeg');
INSERT INTO RES_IMAGE(ID, CREATED_AT, CREATED_BY, UPDATED_AT, UPDATED_BY, DESCRIPTION, IS_ENABLED, IS_PUBLIC, METADATA, MIME, MOBILE_THUMB_PATH, NAME, PATH, PRICE, SMALL_THUMB_PATH, THUMB_PATH) VALUES (46, TIMESTAMP '2015-01-08 16:20:23.486', 'sergej.heinz@test.de', TIMESTAMP '2015-01-08 16:25:23.908', NULL, 'Natur,Gras', TRUE, FALSE, '[{"description":"Baseline","tag":"Compression Type","directoryName":"Jpeg"},{"description":"8 bits","tag":"Data Precision","directoryName":"Jpeg"},{"description":"2880 pixels","tag":"Image Height","directoryName":"Jpeg"},{"description":"5120 pixels","tag":"Image Width","directoryName":"Jpeg"}]', 'jpeg', '/img/upload/0c752e1617225402837d84580292e3199ac15a132bb219edf273eeab00e2bc6432a000e1a11ce3b32518f23e7780484e5853396212d3166bef625b4791e70536.jpeg', 'Gras2', 'upload/9c3211509a9eee80f881f6b6666ab82df6bec222c84ba583c5bb636a0a0d811d850524e9adba61950e09fcd06ffacdd0ee164220ac09a2319b2f35db219fc8c9.jpeg', 0.20, '/img/upload/d4b24c6ad82842d3434ff1c3cf86af3a91e57dd95aa6ff2a2eda8a4a6f28b0058f436e3af31b2468e3570d1a5d21042e0e0158c01c7024392cce3f8975abd5f2.jpeg', '/img/upload/3552574c1eab26fc422a47bf901fd5875c13d647b9daf81831609cb72fb923a7ba7599ad9fb327ac6898116d74a8d8c087df1c4fdd25f9a5569af30178ca2ebe.jpeg');
INSERT INTO RES_IMAGE(ID, CREATED_AT, CREATED_BY, UPDATED_AT, UPDATED_BY, DESCRIPTION, IS_ENABLED, IS_PUBLIC, METADATA, MIME, MOBILE_THUMB_PATH, NAME, PATH, PRICE, SMALL_THUMB_PATH, THUMB_PATH) VALUES (47, TIMESTAMP '2015-01-08 16:20:24.149', 'sergej.heinz@test.de', TIMESTAMP '2015-01-08 16:28:07.142', NULL, 'Universum', TRUE, FALSE, '[{"description":"Baseline","tag":"Compression Type","directoryName":"Jpeg"},{"description":"8 bits","tag":"Data Precision","directoryName":"Jpeg"},{"description":"2880 pixels","tag":"Image Height","directoryName":"Jpeg"},{"description":"5120 pixels","tag":"Image Width","directoryName":"Jpeg"}]', 'jpeg', '/img/upload/87e72947bd3e0d79f81186f08d42ee955f701361dbd5cd7b9783fe20e288c8a142e45c928c71da262eab89320d7e86b1bb858fb0a3c6791d9b81cb5f9c42b6c9.jpeg', 'Milchstraße', 'upload/e168c4a2090595d15bca74d0f6ce3cc3babb229d5f657c55dd65984a3ff079e2c784a12bafb1e6085a8658bf8c059db7564629792fcb3df84aceea74c30e3bbe.jpeg', 4.10, '/img/upload/6fae560ce548cf728b91341fa7050cb270d4928e18856fa5c63f972c2378a4f34affde8d50093218864b37b22226b88857abc78f554be2d80dbb21bc4d0692f1.jpeg', '/img/upload/62bad73841aaef9c80980ddea29e6db2028423e4e474381638af6040e3bf71af586ebaee066fa034bd065cbce73a64d5d8cf87e849a51b0fd636f9203dc6bc6a.jpeg');
INSERT INTO RES_IMAGE(ID, CREATED_AT, CREATED_BY, UPDATED_AT, UPDATED_BY, DESCRIPTION, IS_ENABLED, IS_PUBLIC, METADATA, MIME, MOBILE_THUMB_PATH, NAME, PATH, PRICE, SMALL_THUMB_PATH, THUMB_PATH) VALUES (48, TIMESTAMP '2015-01-08 16:20:24.79', 'sergej.heinz@test.de', TIMESTAMP '2015-01-08 16:24:42.428', NULL, 'Hintergrund', TRUE, FALSE, '[{"description":"Baseline","tag":"Compression Type","directoryName":"Jpeg"},{"description":"8 bits","tag":"Data Precision","directoryName":"Jpeg"},{"description":"2880 pixels","tag":"Image Height","directoryName":"Jpeg"},{"description":"5120 pixels","tag":"Image Width","directoryName":"Jpeg"}]', 'jpeg', '/img/upload/51edc4d3383f155f46f67d2b2ef5da40b5c422c513b450609d0a035a2349aa51a4ba9c6edd81f2dfc61fe8ad7cf9d17aec20cf48ea312c21c0d64c37289ee70f.jpeg', 'Blau', 'upload/40a5b90ccb302b50ff2610f3231fabf263e0ea3a23372035cf856ea4b27951da3e1dbf05f0856c0ffa01bc57f256a418fe213d99df55b90e3ecc3da6042dc032.jpeg', 0.20, '/img/upload/807104f5011f1d7164443f1ea384570e0c47295b5e140a95abc1a5bc45c15d6e959811e736458343238715afe45b56e6f9f28be3cffbcf0759f337a93d13c055.jpeg', '/img/upload/c49e4cfaf87edc0d2a09d69eb7b6a8bda4822459c3cb91ae58ae55342a78fa60cf1d1ca950440f1c617ec8fcc5eb6a17f4059f98e41fa06f56ff48a1de943112.jpeg');
INSERT INTO RES_IMAGE(ID, CREATED_AT, CREATED_BY, UPDATED_AT, UPDATED_BY, DESCRIPTION, IS_ENABLED, IS_PUBLIC, METADATA, MIME, MOBILE_THUMB_PATH, NAME, PATH, PRICE, SMALL_THUMB_PATH, THUMB_PATH) VALUES (49, TIMESTAMP '2015-01-08 16:20:25.677', 'sergej.heinz@test.de', TIMESTAMP '2015-01-08 16:25:56.494', NULL, 'Universum,Mond,Erde', TRUE, FALSE, '[{"description":"Baseline","tag":"Compression Type","directoryName":"Jpeg"},{"description":"8 bits","tag":"Data Precision","directoryName":"Jpeg"},{"description":"2880 pixels","tag":"Image Height","directoryName":"Jpeg"},{"description":"5120 pixels","tag":"Image Width","directoryName":"Jpeg"}]', 'jpeg', '/img/upload/d284670a0de495a2f08801b4d147786aa7af35ad34394fee38b18ab4aa3e5288f9e61cfd9cba377be7fec2e6815495f44fc093c3c0d2db2c9eb38170716fbbed.jpeg', 'MondErde', 'upload/d7901dac15fda6c4d45a19f8057bde312161d25520c32e96565b96460fc609054808b4ea6f65e6e6bb987f2e19f51ae0ed849dafaaed30739dd2cc67074b4d6f.jpeg', 1.50, '/img/upload/cb2f59a30d49f3e248dbb0e0f8bd9bf8b6a12bfdb697c555eef814e236ac1478ae2525a281c35f719a8185f971bbf84ae4bc2a2ab924bb2c8c8254ba9935b3cf.jpeg', '/img/upload/94804406670144de623ad96c8654db4669be0493d4356a48d25134d0f3de1525d916cda7fdca831b00454121e54954b8d6ea0f4b656829b442d8d51b282dad28.jpeg');
INSERT INTO RES_IMAGE(ID, CREATED_AT, CREATED_BY, UPDATED_AT, UPDATED_BY, DESCRIPTION, IS_ENABLED, IS_PUBLIC, METADATA, MIME, MOBILE_THUMB_PATH, NAME, PATH, PRICE, SMALL_THUMB_PATH, THUMB_PATH) VALUES (50, TIMESTAMP '2015-01-08 16:20:26.288', 'sergej.heinz@test.de', TIMESTAMP '2015-01-08 16:23:47.802', NULL, 'Natur,See', TRUE, FALSE, '[{"description":"Baseline","tag":"Compression Type","directoryName":"Jpeg"},{"description":"8 bits","tag":"Data Precision","directoryName":"Jpeg"},{"description":"2848 pixels","tag":"Image Height","directoryName":"Jpeg"},{"description":"4288 pixels","tag":"Image Width","directoryName":"Jpeg"}]', 'jpeg', '/img/upload/5c4f2fc8134ed9d00a186a0ca7d15d84e80ce81d2d4dc1436ed4a3a6540ada47028920ce43dac3939a9d2f9d68d222b903d075987e3b88c06dcb211d103e877e.jpeg', 'Steinstrand', 'upload/e62b01e8497ab6b7d89432599e21804eca278bb4a9c4b6ef5f7bae00bd5e45ae6c8cf3a18b74296f9a8e69cd2f416a8f41eeb2128f4e280ecf438ffef6244e14.jpeg', 0.30, '/img/upload/281891364ad4df956515bdf00359305d1ca4e4279712166e2108b54536689b0c11c50fd0d07c7f9c6dc9fad7a6e3f8468279888d3bbf0d24fa9bf754a1ec2778.jpeg', '/img/upload/0f610bf2f20165c623de3c50a24d514c50b19abb70ec02a5961c44b44a3f99b72f9a77a12e0c332581f8fbcfa7eb70160a5eded470130677ac8db207ad709b3a.jpeg');
INSERT INTO RES_IMAGE(ID, CREATED_AT, CREATED_BY, UPDATED_AT, UPDATED_BY, DESCRIPTION, IS_ENABLED, IS_PUBLIC, METADATA, MIME, MOBILE_THUMB_PATH, NAME, PATH, PRICE, SMALL_THUMB_PATH, THUMB_PATH) VALUES (51, TIMESTAMP '2015-01-08 16:20:27.067', 'sergej.heinz@test.de', TIMESTAMP '2015-01-08 16:26:17.198', NULL, 'Blume', TRUE, FALSE, '[{"description":"Baseline","tag":"Compression Type","directoryName":"Jpeg"},{"description":"8 bits","tag":"Data Precision","directoryName":"Jpeg"},{"description":"2880 pixels","tag":"Image Height","directoryName":"Jpeg"},{"description":"5120 pixels","tag":"Image Width","directoryName":"Jpeg"}]', 'jpeg', '/img/upload/fb37aa97e9bd06b0b140685f71c22c82b99e2c83c3de3b1e23344d46880350ea8df0251cb63eea8e208893b76fd512cb970deb87816af6b2f10980a068a7347a.jpeg', 'Eine Blume', 'upload/861522120d559ea5f94622f81393cb5528d880e8c8c238fb50d5ce95b3ae94ca868f1aef1b803c887b13c09490b4532160623e59a3f1ee3749e9d80695a43f3a.jpeg', 0.20, '/img/upload/f4315959641917d254233070e00ad0d53e4f26924a05f5b6fa882374f1ef88d9fafa14731017b1d9603399afc225262cc141986f19972ab85618526dfadc1e61.jpeg', '/img/upload/1bdd97f6d9b31b037a55a83f1b899d3c19cd93f58e4806c49d2a537160d66be410451e357b53d41499c1b9bf34f24f59f047b67e0caba36c4613ded3675053d6.jpeg');
INSERT INTO RES_IMAGE(ID, CREATED_AT, CREATED_BY, UPDATED_AT, UPDATED_BY, DESCRIPTION, IS_ENABLED, IS_PUBLIC, METADATA, MIME, MOBILE_THUMB_PATH, NAME, PATH, PRICE, SMALL_THUMB_PATH, THUMB_PATH) VALUES (52, TIMESTAMP '2015-01-08 16:20:27.767', 'sergej.heinz@test.de', TIMESTAMP '2015-01-08 16:24:16.989', NULL, 'Natur,Winter', TRUE, FALSE, '[{"description":"Baseline","tag":"Compression Type","directoryName":"Jpeg"},{"description":"8 bits","tag":"Data Precision","directoryName":"Jpeg"},{"description":"2880 pixels","tag":"Image Height","directoryName":"Jpeg"},{"description":"5120 pixels","tag":"Image Width","directoryName":"Jpeg"}]', 'jpeg', '/img/upload/3a5c45111d9b8694e944cbe7c50d35da999cd7da0511226be745a51a563a977a52f1d67d42b0ec72db5d47b8543052c40a332f29c89b0e55f61a9da42ed35b36.jpeg', 'Schneefeld', 'upload/b0103360d3bbdcabc75330522fca1366932d63944a4364f2fd9d1d4b935ecab5828b332a39efe9aa635af5e17a8c00fb7c18a3fef6a0e37e3453d73e4180e0a9.jpeg', 0.90, '/img/upload/2cd76ce629ff0e02fb3883d3becca6f14c74a0af1014fb51f52db3fc2932adf95351fc24a7c5f3ce7780925e5fe6cc52af0bdafbbe0ac2309081a39d6f0f99b5.jpeg', '/img/upload/0cf5684ab14c6cf8b34c3da7ccd96319f506b75e8675c9965fc5e8d493fee024ccfcf3a58b187af342f138790fa0c215f917607a9b44d2b21c2077d60ceed057.jpeg');
INSERT INTO RES_IMAGE(ID, CREATED_AT, CREATED_BY, UPDATED_AT, UPDATED_BY, DESCRIPTION, IS_ENABLED, IS_PUBLIC, METADATA, MIME, MOBILE_THUMB_PATH, NAME, PATH, PRICE, SMALL_THUMB_PATH, THUMB_PATH) VALUES (53, TIMESTAMP '2015-01-08 16:20:28.587', 'sergej.heinz@test.de', TIMESTAMP '2015-01-08 16:27:18.727', NULL, 'Natur,Berg,Winter', TRUE, FALSE, '[{"description":"Baseline","tag":"Compression Type","directoryName":"Jpeg"},{"description":"8 bits","tag":"Data Precision","directoryName":"Jpeg"},{"description":"2718 pixels","tag":"Image Height","directoryName":"Jpeg"},{"description":"4832 pixels","tag":"Image Width","directoryName":"Jpeg"}]', 'jpeg', '/img/upload/defa69360dca2ba465e4462d42670504ba3d1deb155fded20e70c773d014874c9857c80bf62103b2d17907aecc2d517de92950b827b5d2b088db0cf4ff9e7c19.jpeg', 'Steinberg', 'upload/1393079f1b63bdc89b414e3e247925de89126637fd0fca24fa448a1c0b8fade5849d518fc3dc6b67645bced3da502b4a80327493ebc074de12b3b5b6546d5fc3.jpeg', 1.40, '/img/upload/f4ab646ca854281fe872222d7aa6cb19677d223bf8d54bb813b219dfed95edc0b21349cbb42b377b31142ee3a720c4dd1d331425bc90f1fcc2697fb8dc967798.jpeg', '/img/upload/72ecf6d49b8f4430baa161a2f1d194407962ba23b811668e7b52016c269096fe972c9dba6387529f06dd31811b338ebdb8c1d562beadd2fc5b9ad2a3482951be.jpeg');
INSERT INTO RES_IMAGE(ID, CREATED_AT, CREATED_BY, UPDATED_AT, UPDATED_BY, DESCRIPTION, IS_ENABLED, IS_PUBLIC, METADATA, MIME, MOBILE_THUMB_PATH, NAME, PATH, PRICE, SMALL_THUMB_PATH, THUMB_PATH) VALUES (54, TIMESTAMP '2015-01-08 16:20:29.257', 'sergej.heinz@test.de', TIMESTAMP '2015-01-08 16:26:44.271', NULL, 'Hintergrund', TRUE, FALSE, '[{"description":"Baseline","tag":"Compression Type","directoryName":"Jpeg"},{"description":"8 bits","tag":"Data Precision","directoryName":"Jpeg"},{"description":"2880 pixels","tag":"Image Height","directoryName":"Jpeg"},{"description":"5120 pixels","tag":"Image Width","directoryName":"Jpeg"}]', 'jpeg', '/img/upload/ad8bc4c5eaddcb93d9d353cdda87fead407dcfa8b1170714c584cd4e3a8ad24659733b654be7a9b89f334842c149a2aec017fa9e8d930a513b076e532bff320f.jpeg', 'Blau', 'upload/cfcfd1f0065f20812e51031bd692544218a8441d74e20053530afa0a1633cc12904cb593cb4bf6707b4ffdef727ae9140e052dc0c15117c684286f4adbd9f9d6.jpeg', 0.10, '/img/upload/6bfe7b32d4f1baf2109a8affd4d342fdd6bf58fbd2852b9f6985cafa1c03eadadd7ddae373d40ea0527b4d5dc1876d22b564d67eadad614c2d088e9148a82877.jpeg', '/img/upload/8c9da453a6ed98f98cd8d9d1eb6cd78f6e859343bf533b4622163960cf43685c6d1c1cba6198ca0dea6471ba49a04456f583cdc5149cf51de97c17bf84465b2f.jpeg');


INSERT INTO RES_COLLECTION (ID,USER_ID,NAME,DESCRIPTION,IS_PUBLIC,THUMBNAIL_ID) VALUES ('1','3', 'Natur pur!','Schöne Bilder von landschaften','true',NULL);
INSERT INTO RES_COLLECTION (ID,USER_ID,NAME,DESCRIPTION,IS_PUBLIC,THUMBNAIL_ID) VALUES ('2','3', 'Irgendwas!','Sammlung zum test','false',NULL);
INSERT INTO RES_COLLECTION (ID,USER_ID,NAME,DESCRIPTION,IS_PUBLIC,THUMBNAIL_ID) VALUES ('3','4', 'Mal was Anderes','abstrakte Motive','true',NULL);
INSERT INTO RES_COLLECTION (ID,USER_ID,NAME,DESCRIPTION,IS_PUBLIC,THUMBNAIL_ID) VALUES ('4','4', 'Besondere Bilder','persönliche Lieblingsbilder','false',NULL);
INSERT INTO RES_COLLECTION (ID,USER_ID,NAME,DESCRIPTION,IS_PUBLIC,THUMBNAIL_ID) VALUES ('5','5', 'Paar Bilder','schöne Bilder gesammelt','false',NULL );
INSERT INTO RES_COLLECTION (ID,USER_ID,NAME,DESCRIPTION,IS_PUBLIC,THUMBNAIL_ID) VALUES ('6','5', 'Gebirge','Gebirge','true','53');
INSERT INTO RES_COLLECTION (ID,USER_ID,NAME,DESCRIPTION,IS_PUBLIC,THUMBNAIL_ID) VALUES ('7','6', 'Universum','Universum,Planet,Erde','true','47');
INSERT INTO RES_COLLECTION (ID,USER_ID,NAME,DESCRIPTION,IS_PUBLIC,THUMBNAIL_ID) VALUES ('8','8', 'Sonstiges','Sonstiges','true','24');


-- images uploaded by photographer. None of them have been bought yet

INSERT INTO RES_USER_IMAGE (ID,OWNER_ID,USER_ID,IMAGE_ID) VALUES ('1','3', '3','1');
INSERT INTO RES_USER_IMAGE (ID,OWNER_ID,USER_ID,IMAGE_ID) VALUES ('2','3', '3','2');
INSERT INTO RES_USER_IMAGE (ID,OWNER_ID,USER_ID,IMAGE_ID) VALUES ('3','3', '3','3');
INSERT INTO RES_USER_IMAGE (ID,OWNER_ID,USER_ID,IMAGE_ID) VALUES ('6','3', '3','4');
INSERT INTO RES_USER_IMAGE (ID,OWNER_ID,USER_ID,IMAGE_ID) VALUES ('5','3', '3','5');
INSERT INTO RES_USER_IMAGE (ID,OWNER_ID,USER_ID,IMAGE_ID) VALUES ('4','3', '3','6');
INSERT INTO RES_USER_IMAGE (ID,OWNER_ID,USER_ID,IMAGE_ID) VALUES ('7','3', '3','7');
INSERT INTO RES_USER_IMAGE (ID,OWNER_ID,USER_ID,IMAGE_ID) VALUES ('8','3', '3','8');
INSERT INTO RES_USER_IMAGE (ID,OWNER_ID,USER_ID,IMAGE_ID) VALUES ('9','3', '3','9');
INSERT INTO RES_USER_IMAGE (ID,OWNER_ID,USER_ID,IMAGE_ID) VALUES ('10','3', '3','10');
INSERT INTO RES_USER_IMAGE (ID,OWNER_ID,USER_ID,IMAGE_ID) VALUES ('11','3', '3','11');

INSERT INTO RES_USER_IMAGE (ID,OWNER_ID,USER_ID,IMAGE_ID) VALUES ('12','4', '4','12');
INSERT INTO RES_USER_IMAGE (ID,OWNER_ID,USER_ID,IMAGE_ID) VALUES ('13','4', '4','13');
INSERT INTO RES_USER_IMAGE (ID,OWNER_ID,USER_ID,IMAGE_ID) VALUES ('14','4', '4','14');
INSERT INTO RES_USER_IMAGE (ID,OWNER_ID,USER_ID,IMAGE_ID) VALUES ('15','4', '4','15');
INSERT INTO RES_USER_IMAGE (ID,OWNER_ID,USER_ID,IMAGE_ID) VALUES ('16','4', '4','16');
INSERT INTO RES_USER_IMAGE (ID,OWNER_ID,USER_ID,IMAGE_ID) VALUES ('17','4', '4','17');
INSERT INTO RES_USER_IMAGE (ID,OWNER_ID,USER_ID,IMAGE_ID) VALUES ('18','4', '4','18');
INSERT INTO RES_USER_IMAGE (ID,OWNER_ID,USER_ID,IMAGE_ID) VALUES ('19','4', '4','19');
INSERT INTO RES_USER_IMAGE (ID,OWNER_ID,USER_ID,IMAGE_ID) VALUES ('20','4', '4','20');
INSERT INTO RES_USER_IMAGE (ID,OWNER_ID,USER_ID,IMAGE_ID) VALUES ('21','4', '4','21');

INSERT INTO RES_USER_IMAGE (ID,OWNER_ID,USER_ID,IMAGE_ID) VALUES ('22','5', '5','22');
INSERT INTO RES_USER_IMAGE (ID,OWNER_ID,USER_ID,IMAGE_ID) VALUES ('23','5', '5','23');
INSERT INTO RES_USER_IMAGE (ID,OWNER_ID,USER_ID,IMAGE_ID) VALUES ('24','5', '5','24');
INSERT INTO RES_USER_IMAGE (ID,OWNER_ID,USER_ID,IMAGE_ID) VALUES ('25','5', '5','25');
INSERT INTO RES_USER_IMAGE (ID,OWNER_ID,USER_ID,IMAGE_ID) VALUES ('26','5', '5','26');
INSERT INTO RES_USER_IMAGE (ID,OWNER_ID,USER_ID,IMAGE_ID) VALUES ('27','5', '5','27');
INSERT INTO RES_USER_IMAGE (ID,OWNER_ID,USER_ID,IMAGE_ID) VALUES ('28','5', '5','28');
INSERT INTO RES_USER_IMAGE (ID,OWNER_ID,USER_ID,IMAGE_ID) VALUES ('29','5', '5','29');
INSERT INTO RES_USER_IMAGE (ID,OWNER_ID,USER_ID,IMAGE_ID) VALUES ('30','5', '5','30');
INSERT INTO RES_USER_IMAGE (ID,OWNER_ID,USER_ID,IMAGE_ID) VALUES ('31','5', '5','31');
INSERT INTO RES_USER_IMAGE (ID,OWNER_ID,USER_ID,IMAGE_ID) VALUES ('32','5', '5','32');

INSERT INTO RES_USER_IMAGE (ID,OWNER_ID,USER_ID,IMAGE_ID) VALUES ('33','6', '6','33');
INSERT INTO RES_USER_IMAGE (ID,OWNER_ID,USER_ID,IMAGE_ID) VALUES ('34','6', '6','34');
INSERT INTO RES_USER_IMAGE (ID,OWNER_ID,USER_ID,IMAGE_ID) VALUES ('35','6', '6','35');
INSERT INTO RES_USER_IMAGE (ID,OWNER_ID,USER_ID,IMAGE_ID) VALUES ('36','6', '6','36');
INSERT INTO RES_USER_IMAGE (ID,OWNER_ID,USER_ID,IMAGE_ID) VALUES ('37','6', '6','37');
INSERT INTO RES_USER_IMAGE (ID,OWNER_ID,USER_ID,IMAGE_ID) VALUES ('38','6', '6','38');
INSERT INTO RES_USER_IMAGE (ID,OWNER_ID,USER_ID,IMAGE_ID) VALUES ('39','6', '6','39');
INSERT INTO RES_USER_IMAGE (ID,OWNER_ID,USER_ID,IMAGE_ID) VALUES ('40','6', '6','40');
INSERT INTO RES_USER_IMAGE (ID,OWNER_ID,USER_ID,IMAGE_ID) VALUES ('41','6', '6','41');
INSERT INTO RES_USER_IMAGE (ID,OWNER_ID,USER_ID,IMAGE_ID) VALUES ('42','6', '6','42');
INSERT INTO RES_USER_IMAGE (ID,OWNER_ID,USER_ID,IMAGE_ID) VALUES ('43','6', '6','43');

INSERT INTO RES_USER_IMAGE (ID,OWNER_ID,USER_ID,IMAGE_ID) VALUES ('44','8', '8','44');
INSERT INTO RES_USER_IMAGE (ID,OWNER_ID,USER_ID,IMAGE_ID) VALUES ('45','8', '8','45');
INSERT INTO RES_USER_IMAGE (ID,OWNER_ID,USER_ID,IMAGE_ID) VALUES ('46','8', '8','46');
INSERT INTO RES_USER_IMAGE (ID,OWNER_ID,USER_ID,IMAGE_ID) VALUES ('47','8', '8','47');
INSERT INTO RES_USER_IMAGE (ID,OWNER_ID,USER_ID,IMAGE_ID) VALUES ('48','8', '8','48');
INSERT INTO RES_USER_IMAGE (ID,OWNER_ID,USER_ID,IMAGE_ID) VALUES ('49','8', '8','49');
INSERT INTO RES_USER_IMAGE (ID,OWNER_ID,USER_ID,IMAGE_ID) VALUES ('50','8', '8','50');
INSERT INTO RES_USER_IMAGE (ID,OWNER_ID,USER_ID,IMAGE_ID) VALUES ('51','8', '8','51');
INSERT INTO RES_USER_IMAGE (ID,OWNER_ID,USER_ID,IMAGE_ID) VALUES ('52','8', '8','52');
INSERT INTO RES_USER_IMAGE (ID,OWNER_ID,USER_ID,IMAGE_ID) VALUES ('53','8', '8','53');
INSERT INTO RES_USER_IMAGE (ID,OWNER_ID,USER_ID,IMAGE_ID) VALUES ('54','8', '8','54');

INSERT INTO RES_COLLECTION_IMAGE (ID,COLLECTION_ID,IMAGE_ID) VALUES ('1','1', '1');
INSERT INTO RES_COLLECTION_IMAGE (ID,COLLECTION_ID,IMAGE_ID) VALUES ('2','1', '2');
INSERT INTO RES_COLLECTION_IMAGE (ID,COLLECTION_ID,IMAGE_ID) VALUES ('3','1', '3');
INSERT INTO RES_COLLECTION_IMAGE (ID,COLLECTION_ID,IMAGE_ID) VALUES ('4','1', '4');
INSERT INTO RES_COLLECTION_IMAGE (ID,COLLECTION_ID,IMAGE_ID) VALUES ('5','1', '5');
INSERT INTO RES_COLLECTION_IMAGE (ID,COLLECTION_ID,IMAGE_ID) VALUES ('6','1', '6');
INSERT INTO RES_COLLECTION_IMAGE (ID,COLLECTION_ID,IMAGE_ID) VALUES ('7','2', '7');
INSERT INTO RES_COLLECTION_IMAGE (ID,COLLECTION_ID,IMAGE_ID) VALUES ('8','2', '8');
INSERT INTO RES_COLLECTION_IMAGE (ID,COLLECTION_ID,IMAGE_ID) VALUES ('9','2', '9');
INSERT INTO RES_COLLECTION_IMAGE (ID,COLLECTION_ID,IMAGE_ID) VALUES ('10','2', '10');
INSERT INTO RES_COLLECTION_IMAGE (ID,COLLECTION_ID,IMAGE_ID) VALUES ('11','2', '11');

INSERT INTO RES_COLLECTION_IMAGE (ID,COLLECTION_ID,IMAGE_ID) VALUES ('12','3', '12');
INSERT INTO RES_COLLECTION_IMAGE (ID,COLLECTION_ID,IMAGE_ID) VALUES ('13','3', '13');
INSERT INTO RES_COLLECTION_IMAGE (ID,COLLECTION_ID,IMAGE_ID) VALUES ('14','3', '14');
INSERT INTO RES_COLLECTION_IMAGE (ID,COLLECTION_ID,IMAGE_ID) VALUES ('15','3', '15');
INSERT INTO RES_COLLECTION_IMAGE (ID,COLLECTION_ID,IMAGE_ID) VALUES ('16','3', '16');
INSERT INTO RES_COLLECTION_IMAGE (ID,COLLECTION_ID,IMAGE_ID) VALUES ('17','4', '17');
INSERT INTO RES_COLLECTION_IMAGE (ID,COLLECTION_ID,IMAGE_ID) VALUES ('18','4', '18');
INSERT INTO RES_COLLECTION_IMAGE (ID,COLLECTION_ID,IMAGE_ID) VALUES ('19','4', '19');
INSERT INTO RES_COLLECTION_IMAGE (ID,COLLECTION_ID,IMAGE_ID) VALUES ('20','4', '20');
INSERT INTO RES_COLLECTION_IMAGE (ID,COLLECTION_ID,IMAGE_ID) VALUES ('21','4', '21');

INSERT INTO RES_COLLECTION_IMAGE (ID,COLLECTION_ID,IMAGE_ID) VALUES ('22','5', '22');
INSERT INTO RES_COLLECTION_IMAGE (ID,COLLECTION_ID,IMAGE_ID) VALUES ('23','5', '23');
INSERT INTO RES_COLLECTION_IMAGE (ID,COLLECTION_ID,IMAGE_ID) VALUES ('24','5', '24');
INSERT INTO RES_COLLECTION_IMAGE (ID,COLLECTION_ID,IMAGE_ID) VALUES ('25','5', '25');
INSERT INTO RES_COLLECTION_IMAGE (ID,COLLECTION_ID,IMAGE_ID) VALUES ('26','5', '26');
INSERT INTO RES_COLLECTION_IMAGE (ID,COLLECTION_ID,IMAGE_ID) VALUES ('27','5', '27');
INSERT INTO RES_COLLECTION_IMAGE (ID,COLLECTION_ID,IMAGE_ID) VALUES ('28','6', '28');
INSERT INTO RES_COLLECTION_IMAGE (ID,COLLECTION_ID,IMAGE_ID) VALUES ('29','6', '29');
INSERT INTO RES_COLLECTION_IMAGE (ID,COLLECTION_ID,IMAGE_ID) VALUES ('30','6', '30');
INSERT INTO RES_COLLECTION_IMAGE (ID,COLLECTION_ID,IMAGE_ID) VALUES ('31','6', '31');
INSERT INTO RES_COLLECTION_IMAGE (ID,COLLECTION_ID,IMAGE_ID) VALUES ('32','6', '32');

INSERT INTO RES_COLLECTION_IMAGE (ID,COLLECTION_ID,IMAGE_ID) VALUES ('33','7', '33');
INSERT INTO RES_COLLECTION_IMAGE (ID,COLLECTION_ID,IMAGE_ID) VALUES ('34','7', '34');
INSERT INTO RES_COLLECTION_IMAGE (ID,COLLECTION_ID,IMAGE_ID) VALUES ('35','7', '35');
INSERT INTO RES_COLLECTION_IMAGE (ID,COLLECTION_ID,IMAGE_ID) VALUES ('36','7', '36');
INSERT INTO RES_COLLECTION_IMAGE (ID,COLLECTION_ID,IMAGE_ID) VALUES ('37','7', '37');
INSERT INTO RES_COLLECTION_IMAGE (ID,COLLECTION_ID,IMAGE_ID) VALUES ('38','7', '38');
INSERT INTO RES_COLLECTION_IMAGE (ID,COLLECTION_ID,IMAGE_ID) VALUES ('39','7', '39');
INSERT INTO RES_COLLECTION_IMAGE (ID,COLLECTION_ID,IMAGE_ID) VALUES ('40','7', '40');
INSERT INTO RES_COLLECTION_IMAGE (ID,COLLECTION_ID,IMAGE_ID) VALUES ('41','7', '41');
INSERT INTO RES_COLLECTION_IMAGE (ID,COLLECTION_ID,IMAGE_ID) VALUES ('42','7', '42');
INSERT INTO RES_COLLECTION_IMAGE (ID,COLLECTION_ID,IMAGE_ID) VALUES ('43','7', '43');

INSERT INTO RES_COLLECTION_IMAGE (ID,COLLECTION_ID,IMAGE_ID) VALUES ('44','8', '44');
INSERT INTO RES_COLLECTION_IMAGE (ID,COLLECTION_ID,IMAGE_ID) VALUES ('45','8', '45');
INSERT INTO RES_COLLECTION_IMAGE (ID,COLLECTION_ID,IMAGE_ID) VALUES ('46','8', '46');
INSERT INTO RES_COLLECTION_IMAGE (ID,COLLECTION_ID,IMAGE_ID) VALUES ('47','8', '47');
INSERT INTO RES_COLLECTION_IMAGE (ID,COLLECTION_ID,IMAGE_ID) VALUES ('48','8', '48');
INSERT INTO RES_COLLECTION_IMAGE (ID,COLLECTION_ID,IMAGE_ID) VALUES ('49','8', '49');
INSERT INTO RES_COLLECTION_IMAGE (ID,COLLECTION_ID,IMAGE_ID) VALUES ('50','8', '50');
INSERT INTO RES_COLLECTION_IMAGE (ID,COLLECTION_ID,IMAGE_ID) VALUES ('51','8', '51');
INSERT INTO RES_COLLECTION_IMAGE (ID,COLLECTION_ID,IMAGE_ID) VALUES ('52','8', '52');
INSERT INTO RES_COLLECTION_IMAGE (ID,COLLECTION_ID,IMAGE_ID) VALUES ('53','8', '53');
INSERT INTO RES_COLLECTION_IMAGE (ID,COLLECTION_ID,IMAGE_ID) VALUES ('54','8', '54');

INSERT INTO RES_PURCHASES (ID,USER_ID,IMAGE_ID) VALUES ('1','2', '41');
INSERT INTO RES_PURCHASES (ID,USER_ID,IMAGE_ID) VALUES ('2','2', '42');
INSERT INTO RES_PURCHASES (ID,USER_ID,IMAGE_ID) VALUES ('3','6', '42');
INSERT INTO RES_PURCHASES (ID,USER_ID,IMAGE_ID, PURCHASED) VALUES ('4','2', '40', true);
INSERT INTO RES_PURCHASES (ID,USER_ID,IMAGE_ID, PURCHASED) VALUES ('5','2', '24', true);
INSERT INTO RES_PURCHASES (ID,USER_ID,IMAGE_ID, PURCHASED) VALUES ('6','2', '39', true);
