-- Role
INSERT INTO SYS_ROLE(id,name) VALUES (1,'ROLE_ADMIN');
INSERT INTO SYS_ROLE(id,name) VALUES (2,'ROLE_CUSTOMER');
INSERT INTO SYS_ROLE(id,name) VALUES (3,'ROLE_PHOTOGRAPHER');
INSERT INTO SYS_ROLE(id,name) VALUES (4,'ROLE_BECOME_PHOTOGRAPHER');

-- User
-- Password: 123
INSERT INTO SYS_USER(ID,EMAIL,PASSWORD,FIRST_NAME,LAST_NAME,COMPANY, PHONE, HOMEPAGE, IS_ENABLED,IS_ACCOUNT_NON_LOCKED) VALUES('1', 'vincent@test.de','$2a$10$za9rDqJOMBXCWXEG5O4.U.1GqyXoiS0mjuiHwqhCvO9wRU6Z/NdGG', 'Vincent', 'Test', 'EGCompany', '030555555', 'wwww.mypage.com', true,true);
-- Password: 123
INSERT INTO SYS_USER(ID,EMAIL,PASSWORD,FIRST_NAME,LAST_NAME,COMPANY,PHONE,HOMEPAGE,IS_ENABLED,IS_ACCOUNT_NON_LOCKED) VALUES('2', 'peter@test.de','$2a$10$za9rDqJOMBXCWXEG5O4.U.1GqyXoiS0mjuiHwqhCvO9wRU6Z/NdGG', 'Peter', 'Test', 'EGCompany', '030555555', 'wwww.mypage.com', true,true);
-- Password: 123
INSERT INTO SYS_USER(ID,EMAIL,PASSWORD,FIRST_NAME,LAST_NAME,COMPANY, PHONE, HOMEPAGE, IBAN, SWIFT, IS_ENABLED,IS_ACCOUNT_NON_LOCKED) VALUES('3', 'sergej@test.de', '$2a$10$za9rDqJOMBXCWXEG5O4.U.1GqyXoiS0mjuiHwqhCvO9wRU6Z/NdGG', 'Sergej', 'Test', 'EGCompany', '030555555', 'wwww.mypage.com', 'DE50344342342424', 'DEFGHKZ',  true, true);
-- Password: 123
INSERT INTO SYS_USER(ID,EMAIL,PASSWORD,FIRST_NAME,LAST_NAME,COMPANY, PHONE, HOMEPAGE, IBAN, SWIFT, IS_ENABLED,IS_ACCOUNT_NON_LOCKED) VALUES('4', 'julian@test.de', '$2a$10$za9rDqJOMBXCWXEG5O4.U.1GqyXoiS0mjuiHwqhCvO9wRU6Z/NdGG', 'Julian', 'Test', 'EGCompany', '030555555', 'wwww.mypage.com', 'DE50344342342424', 'DEFGHKZ', true, true);
-- Password: 123
INSERT INTO SYS_USER(ID,EMAIL,PASSWORD,FIRST_NAME,LAST_NAME,COMPANY, PHONE, HOMEPAGE, IBAN, SWIFT, IS_ENABLED,IS_ACCOUNT_NON_LOCKED) VALUES('5', 'daniil@test.de', '$2a$10$za9rDqJOMBXCWXEG5O4.U.1GqyXoiS0mjuiHwqhCvO9wRU6Z/NdGG', 'Daniil','Test', 'EGCompany', '030555555', 'wwww.mypage.com', 'DE50344342342424', 'DEFGHKZ', true, true);
-- Password: 123
INSERT INTO SYS_USER(ID,EMAIL,PASSWORD,FIRST_NAME,LAST_NAME,COMPANY, PHONE, HOMEPAGE,  IBAN, SWIFT, IS_ENABLED,IS_ACCOUNT_NON_LOCKED) VALUES('6', 'eric@test.de', '$2a$10$za9rDqJOMBXCWXEG5O4.U.1GqyXoiS0mjuiHwqhCvO9wRU6Z/NdGG', 'Eric', 'Test', 'EGCompany', '030555555', 'wwww.mypage.com', 'DE50344342342424', 'DEFGHKZ', true, true);
  -- Password: 123
INSERT INTO SYS_USER(ID,EMAIL,PASSWORD,FIRST_NAME,LAST_NAME,COMPANY, PHONE, HOMEPAGE,  IBAN, SWIFT, IS_ENABLED,IS_ACCOUNT_NON_LOCKED) VALUES('7', 'become@photographer.de', '$2a$10$za9rDqJOMBXCWXEG5O4.U.1GqyXoiS0mjuiHwqhCvO9wRU6Z/NdGG', 'Become', 'Photographer', 'EGCompany', '030555555', 'wwww.mypage.com', 'DE50344342342424', 'DEFGHKZ', true, true);


-- SYS_USER_ROLE
--Vincent - Admin
INSERT INTO SYS_USER_ROLE (id,user_id,role_id) VALUES (1,1,1);
--Peter - Customer
INSERT INTO SYS_USER_ROLE (id,user_id,role_id) VALUES (2,2,2);
--Sergej - Photographer
INSERT INTO SYS_USER_ROLE (id,user_id,role_id) VALUES (3,3,3);
--Julian - Photographer
INSERT INTO SYS_USER_ROLE (id,user_id,role_id) VALUES (4,4,3);
--Daniil - Photographer
INSERT INTO SYS_USER_ROLE (id,user_id,role_id) VALUES (5,5,3);
--Eric - Photographer
INSERT INTO SYS_USER_ROLE (id,user_id,role_id) VALUES (6,6,3);
--BecomePhotographer - Become Photographer
INSERT INTO SYS_USER_ROLE (id,user_id,role_id) VALUES (7,7,4);

-- RES_IMAGE
--New image data.
INSERT INTO RES_IMAGE(ID, CREATED_AT, CREATED_BY, UPDATED_AT, UPDATED_BY, DESCRIPTION, IS_ENABLED, IS_PUBLIC, METADATA, MIME, MOBILE_THUMB_PATH, NAME, PATH, PRICE, SMALL_THUMB_PATH, THUMB_PATH) VALUES (1, TIMESTAMP '2014-12-15 19:40:35.177', 'sergej@test.de', TIMESTAMP '2014-12-15 19:40:36.524', NULL, 'test metadata', TRUE, FALSE, 'test metadata', 'jpeg', '/img/upload/fc34d627eb7e2305a92a7cb780f813270b941d8683444f9d09c06d3079d0ff6bc9ab27a48a483434276eeb23a3174280db889144a01a1a5755e6d66d2a8daf85.jpeg', '5.jpg', 'upload/a2f4521450ffa4a0ec674bd6ee1bfe0e936c620adb73e0de1c16b0bd62fc03df62433f9a2ee12bd15c1fc21c888b5de9062311cba437c788ad530dc803366324.jpeg', NULL, '/img/upload/32bb60902293ae49ed69e10977706f41738afd4c49aace4e0b02f3df9fa625b1edf77b796ea4eeb950293132f69f79858f1a8fc51c0b222a6a0282d5feaf49cb.jpeg', '/img/upload/6048d34950de1f9dfa2b825ff1fa83ca17b6f106d520cfc710875b5d53d9e3b48a41340c8134cae794021150fcf3190f3f32f14dd7b9caf39c98195018f01057.jpeg');
INSERT INTO RES_IMAGE(ID, CREATED_AT, CREATED_BY, UPDATED_AT, UPDATED_BY, DESCRIPTION, IS_ENABLED, IS_PUBLIC, METADATA, MIME, MOBILE_THUMB_PATH, NAME, PATH, PRICE, SMALL_THUMB_PATH, THUMB_PATH) VALUES (2, TIMESTAMP '2014-12-15 19:40:36.525', 'sergej@test.de', TIMESTAMP '2014-12-15 19:40:36.808', NULL, 'test metadata', TRUE, FALSE, 'test metadata', 'jpeg', '/img/upload/af8222da3c21026b21f0a730eb83823bd19a5632bfe0e134b36e6ebd8a9d51d202e46643bb97eb185d15cab7353eef9126dc31820108a90ac754d30d0203b7ca.jpeg', '6.jpg', 'upload/8f8541b065653434370e0dd0f930ae0586c66a5235723b22e478daf1bee34865b05e9d5b86b1391c9ef575c2f47a967434e2b3f11a0f78e1133f2a89ce0a6d9f.jpeg', NULL, '/img/upload/88d3bafbbeb7990ded7cf2acb070334a96fc64b6504ea8e68b4aefdd2586f61d1ff774afee2e795621b7dab3c837aae76a5d4280829961fac86ca35047d2ee95.jpeg', '/img/upload/8eace57d9605e980c7116050426d825c5852f617f52f72b8a02f49cb15ceaf68aa9565e54fdd0c814f2faf9df463cea5d9d62f748d968ec82d03c197b87017e0.jpeg');
INSERT INTO RES_IMAGE(ID, CREATED_AT, CREATED_BY, UPDATED_AT, UPDATED_BY, DESCRIPTION, IS_ENABLED, IS_PUBLIC, METADATA, MIME, MOBILE_THUMB_PATH, NAME, PATH, PRICE, SMALL_THUMB_PATH, THUMB_PATH) VALUES (3, TIMESTAMP '2014-12-15 19:40:36.808', 'sergej@test.de', TIMESTAMP '2014-12-15 19:40:37.857', NULL, 'test metadata', TRUE, FALSE, 'test metadata', 'jpeg', '/img/upload/045b01cc6eac70c4773dbcc9e469b457fee4dd906defb6bb11b5cac6a69e8b1cd5bfa781c89c4704def923810d42b1a21744e216774529afcb9dba361ad797f9.jpeg', '7.jpg', 'upload/c45d027d446112379f9dcb9a9e84763c84ffa7533632ae255fb9d5134d54171769a5906366091b39ae680484eabc9a3a08ca58e980419f03d86b11b345778335.jpeg', NULL, '/img/upload/95b7ed4e5c71a1388b1d2fd0cbbc98c294513664d3fd224eef4347e42360b809fadf93c2941d0826e6908116440acd20a75aaa9ece6a9dd7f63218a338d0129c.jpeg', '/img/upload/c248af20e6f95d5bf4ee3a68edf053b9d4830f762311fc16259929c144c38a4a51df13bfb0a4e2e099fa0e315da1febc8c076a213a0248eef75cf64f68367364.jpeg');
INSERT INTO RES_IMAGE(ID, CREATED_AT, CREATED_BY, UPDATED_AT, UPDATED_BY, DESCRIPTION, IS_ENABLED, IS_PUBLIC, METADATA, MIME, MOBILE_THUMB_PATH, NAME, PATH, PRICE, SMALL_THUMB_PATH, THUMB_PATH) VALUES (4, TIMESTAMP '2014-12-15 19:40:37.858', 'sergej@test.de', TIMESTAMP '2014-12-15 19:40:39.346', NULL, 'test metadata', TRUE, FALSE, 'test metadata', 'jpeg', '/img/upload/90f0b166bd6194347561aeb10b6e75da4da6dd93e7f2c8d2a4484564e039ab8ae8a5e6a311f2cbf9bc9b8c2e338718709bb31e8f749add53f53c4f2bb8259efc.jpeg', '8.jpg', 'upload/26344e270809236abfb6f5ecff13d93d7ecb570a4d2003515abb3aed1c5af45f0fb064b17551d6570a60c14eeac482e54998565def6eaafc61399ba08398c929.jpeg', NULL, '/img/upload/49adc8cecd8499a654bd8661afb18eb0f5e69e5ea86f9a1cf34b3985f000791724ea78efefbc33e1cd94806549874da7101516f00d68f339f028666936219e09.jpeg', '/img/upload/62446d57a6a93fd90e5747dc9649fb6415979f341bba234da272f28033051c30a5d0068d305fcd8a05a8f7c4731429e01d98c774d13e4f8522d4de76eb82815b.jpeg');
INSERT INTO RES_IMAGE(ID, CREATED_AT, CREATED_BY, UPDATED_AT, UPDATED_BY, DESCRIPTION, IS_ENABLED, IS_PUBLIC, METADATA, MIME, MOBILE_THUMB_PATH, NAME, PATH, PRICE, SMALL_THUMB_PATH, THUMB_PATH) VALUES (5, TIMESTAMP '2014-12-15 19:40:39.346', 'sergej@test.de', TIMESTAMP '2014-12-15 19:40:39.408', NULL, 'test metadata', TRUE, FALSE, 'test metadata', 'jpeg', '/img/upload/b434469bd644c4032e3d128caa01e490a9567474ea0f4b9ad7e181c80aaca324167eaa1b6e70762a7a76742f2c1db754be799e7387b83c0bb1f855adb23e8878.jpeg', '1.jpg', 'upload/00819bedf0933e1d682112566d00541fa0ebcdbfda053ee2399bb9d51da4ea809b9ca4252ed318b0046fc43ef66853ff2872e2fd894bf371f6683a15bdaaee74.jpeg', NULL, '/img/upload/3860de5a1e3d862586d64fb5cfb97095fc83d6991d57cb96f29eb9fc3a16533112c976bf677055d91d09c24c2cf99d5aa65f2185c4ebcf5cb67ab50d571e54a1.jpeg', '/img/upload/7d3b53cfdec94f077762f03666b02437968b89bffac2b07093c87d91c2163bf024abc7c94ab0a19c9c45b0022fe99a4a26932b4b8e2cad749428487bf6c20a6f.jpeg');
INSERT INTO RES_IMAGE(ID, CREATED_AT, CREATED_BY, UPDATED_AT, UPDATED_BY, DESCRIPTION, IS_ENABLED, IS_PUBLIC, METADATA, MIME, MOBILE_THUMB_PATH, NAME, PATH, PRICE, SMALL_THUMB_PATH, THUMB_PATH) VALUES (6, TIMESTAMP '2014-12-15 19:40:39.409', 'sergej@test.de', TIMESTAMP '2014-12-15 19:40:40.942', NULL, 'test metadata', TRUE, FALSE, 'test metadata', 'jpeg', '/img/upload/be717a5ead1636de68dbc6df28249e2531c8d02b4a08d6c85895497e91a90b53b72a3e450da7468c97c60e538f25425fe181658f90d2ed73d81bf660e13eeb39.jpeg', '2.jpg', 'upload/8f93f4613808d16b19cc5b565de55835b96e474d3b07f0cb1e583c6f89498497aca7b67cd455116072fccbbe915a165911ac1fbbf31cc8617d099dd8df83f211.jpeg', NULL, '/img/upload/935078b20e5848a363fc1552d910d12b83a16fab4e43b227829a857662f98e0578f4abe24b50825b362d8e5ce6ce15c6edeff82ae624c4fb429213c6bc031675.jpeg', '/img/upload/e0f2eef7f7c5644c8b4588e7cf24f4476783d4200f9da07a6ecc0c2bf856ccc13bf3efdfa7efafa0786ffc2337da6565f8f1bbf0e8a4d0a5578c411af39b4f25.jpeg');
INSERT INTO RES_IMAGE(ID, CREATED_AT, CREATED_BY, UPDATED_AT, UPDATED_BY, DESCRIPTION, IS_ENABLED, IS_PUBLIC, METADATA, MIME, MOBILE_THUMB_PATH, NAME, PATH, PRICE, SMALL_THUMB_PATH, THUMB_PATH) VALUES (7, TIMESTAMP '2014-12-15 19:40:40.943', 'sergej@test.de', TIMESTAMP '2014-12-15 19:40:42.312', NULL, 'test metadata', TRUE, FALSE, 'test metadata', 'jpeg', '/img/upload/03f6dea10aabbb689341459e8d9e8f74e9f635b85f7108a2eea24bf3a032eec34d76f794fdf58e7501b15700bb601839ce8e8b2324a0a511592fc31315b27f45.jpeg', '3.jpg', 'upload/723dcd2756398bc0abe7a6f6d09ca72809344aa76ef6795172eeeaafc37207c0194ad2c0d85c96ba014e807936feec661b2f7c79123ce530222ff2c64485c39d.jpeg', NULL, '/img/upload/505da8eb9e48afa34fa44272b1be68393e5861e1649f7f875202a9f5ff970e81895215c36989e98ebe87eea0a94cb49b5b65720469bf71b5f3ec8ce44cf8c776.jpeg', '/img/upload/67a1595aa7d69c93519aba2d476eaffc4c76cb13379a0bb1362ed3003f168676b72019e97913d95026d799eb19c064dd2b17e009d9a27f96833ab72e7a813c87.jpeg');
INSERT INTO RES_IMAGE(ID, CREATED_AT, CREATED_BY, UPDATED_AT, UPDATED_BY, DESCRIPTION, IS_ENABLED, IS_PUBLIC, METADATA, MIME, MOBILE_THUMB_PATH, NAME, PATH, PRICE, SMALL_THUMB_PATH, THUMB_PATH) VALUES (8, TIMESTAMP '2014-12-15 19:43:43.163', 'sergej@test.de', TIMESTAMP '2014-12-15 19:43:44.432', NULL, 'test metadata', TRUE, FALSE, 'test metadata', 'jpeg', '/img/upload/eeafb77555ef6367dc88ea1ad11e1186e8f41d3e80227ca043b4d991e53fb8ed9a25c90f50e31b08d55f8c15eed1acbfda605511b5c20e7cc55665e3b172efdb.jpeg', '11.jpg', 'upload/e559aefac6fe1b006d3497abee2649ceb71fcceea73fd223782338ab29c08e5b887836b806349d5ace9030c69ca91850b01c468825d02359a5faee7261de415e.jpeg', NULL, '/img/upload/27ed2a3d280813dda15c7cfe60b66c32f02592450d27ff490fd824075b7d1bab14c058c754a75ba01c2aa164d0c023c711783ab3b6ada6cf2103a8190407b82d.jpeg', '/img/upload/49a66d4fc4fef5d1e23f2271097a2580b35529dd1ea81cebcbf3fb3896d2aec5d88c055da399b708dbf10e071b5d584a269f04c0158d994be272a9470f1cc743.jpeg');
INSERT INTO RES_IMAGE(ID, CREATED_AT, CREATED_BY, UPDATED_AT, UPDATED_BY, DESCRIPTION, IS_ENABLED, IS_PUBLIC, METADATA, MIME, MOBILE_THUMB_PATH, NAME, PATH, PRICE, SMALL_THUMB_PATH, THUMB_PATH) VALUES (9, TIMESTAMP '2014-12-15 19:43:44.432', 'sergej@test.de', TIMESTAMP '2014-12-15 19:43:45.51', NULL, 'test metadata', TRUE, FALSE, 'test metadata', 'jpeg', '/img/upload/1b1ebdeb98bdc130c31fa62f3ba5822c5a11781560affc45e8cac6ceed7d1e0f7151046694176e5b61c3156ca588a3057003b08ee8ce51a8832d89b62b2980d3.jpeg', '12.jpg', 'upload/ac7ee5c6be94adc321477d6cd10c8d156d1b521fc8fbb8557e78667b4182f428a2d1e4fcc89b460e1c1f5b08d8539b9c5c0e5e357cd605d9687fb0687ff63b31.jpeg', NULL, '/img/upload/1279b35b9998f71b5bc46a67dac74b70ba51307f0266c4ee5ea49b01a028585ebbbb75cb47d479ae4a55694a47dcc6959ecd1f6d1fa6f22d1509a7bb868eb2c9.jpeg', '/img/upload/0b9a47144ed473a35eb0503e7be121e433f04e97de840d059caabd552f423fe447cc90351fb88b5b312562b1234b11cb875e7075c8d000be92148ed4f20eb415.jpeg');
INSERT INTO RES_IMAGE(ID, CREATED_AT, CREATED_BY, UPDATED_AT, UPDATED_BY, DESCRIPTION, IS_ENABLED, IS_PUBLIC, METADATA, MIME, MOBILE_THUMB_PATH, NAME, PATH, PRICE, SMALL_THUMB_PATH, THUMB_PATH) VALUES (10, TIMESTAMP '2014-12-15 19:43:45.51', 'sergej@test.de', TIMESTAMP '2014-12-15 19:43:46.052', NULL, 'test metadata', TRUE, FALSE, 'test metadata', 'jpeg', '/img/upload/5f8784558b7f0fecacf92a35563ba12de37f8cb43d883f9d5a174affdfe009f07988b16824c36bffa83dac50932ddd9b80b5a64a653ebab40286bc3847d8a5d7.jpeg', '13.jpg', 'upload/3673a16a5983f5f5e04bf88d2c08e39631efe619726c5879d2d6907c00acb5d5689061b28cea52edab7c79dbfb450c961709c36c0d599b526c856e924f57e803.jpeg', NULL, '/img/upload/f92a684ad038e2a7fd0fcf64d2572a74b95abf6c2426a9efad080f7d0a48582f110b46c8c5fba09208e0a509f6472a21d94d684842895f94a9acbd618bce31e4.jpeg', '/img/upload/0317f91043b015ef58ee15533f8454fc5e28703faeb140e4e5acafd726b60df5e1a257b410e01bc2aa88eea7b4a52e40384d656ecca890ad3f96c01a6ed419ff.jpeg');
INSERT INTO RES_IMAGE(ID, CREATED_AT, CREATED_BY, UPDATED_AT, UPDATED_BY, DESCRIPTION, IS_ENABLED, IS_PUBLIC, METADATA, MIME, MOBILE_THUMB_PATH, NAME, PATH, PRICE, SMALL_THUMB_PATH, THUMB_PATH) VALUES (11, TIMESTAMP '2014-12-15 19:43:46.052', 'sergej@test.de', TIMESTAMP '2014-12-15 19:43:47.098', NULL, 'Erde,Mond,Universum', TRUE, FALSE, 'test metadata', 'jpeg', '/img/upload/1c391d7ae2ea00d97583e2a3abd37b2740901edf88d66927abf1c1caab647b25bd6176379adae479b90838ecdee9845d645bb1344718ff08712eff39c7a10474.jpeg', 'ErdeUndMond', 'upload/ce4dd661e4d69073c7999282048ea9ee91932db0d699f8b13b2db70fe532d987ac4a0aef309b82e1ad2aa6c2f2f60473093cd1e399a737cff3f9e70585d36be7.jpeg', '1.8', '/img/upload/77f2d85bcc94aa70e26f103214fe2b643eb43c836693f4eed6e9de17d746d52728a062bf6153cfa22885780be352c24197ad7ef9cc03cb7398cc16f9f7a586ca.jpeg', '/img/upload/5ec729aeb016856ebba74ce7d385d7093b2072e7c5a24640216112dd787611110af45984506d017a44fc644ead8a33a3bff3c49835ab0765f16b0bbf8771e0e5.jpeg');
INSERT INTO RES_IMAGE(ID, CREATED_AT, CREATED_BY, UPDATED_AT, UPDATED_BY, DESCRIPTION, IS_ENABLED, IS_PUBLIC, METADATA, MIME, MOBILE_THUMB_PATH, NAME, PATH, PRICE, SMALL_THUMB_PATH, THUMB_PATH) VALUES (12, TIMESTAMP '2014-12-15 19:43:47.099', 'sergej@test.de', TIMESTAMP '2014-12-15 19:43:48.171', NULL, 'Erde,Mond,Universum', TRUE, FALSE, 'test metadata', 'jpeg', '/img/upload/2fa574e0a7b18d547e7b1d06d8387b1910738704ce2d552faa2c5156d4b46be322aa86d76301c551e1f933b15e32b0d9f4111a499db5227bf944e66e23e5d7c7.jpeg', 'Erde', 'upload/7ec8040a523b302bd6a6ee818a79fc25208f99f937fb8364444813e09498b5d31c18f67ccb7dcc79f3c3ceec724c4c726f8559319b7f0d7c3f8de26965f73b94.jpeg', '2.3', '/img/upload/e3b5fdc5f07ed29cfd5de78470672765fcfd50fbf786c02d38cdbd21bd9d838891b2823399d91a1c5392c3ed18e0f2c868e42bec5bc8c33dc582c0baacda9898.jpeg', '/img/upload/7ca1411bb7fe48a806631d2680bbfe80d31259eb6ee425b788b3de70d1b55672f585b5b5a9e3ec54d9c3237db6bbc26e490c7ac35db5a37093455180618fb98f.jpeg');
INSERT INTO RES_IMAGE(ID, CREATED_AT, CREATED_BY, UPDATED_AT, UPDATED_BY, DESCRIPTION, IS_ENABLED, IS_PUBLIC, METADATA, MIME, MOBILE_THUMB_PATH, NAME, PATH, PRICE, SMALL_THUMB_PATH, THUMB_PATH) VALUES (13, TIMESTAMP '2014-12-15 19:43:48.172', 'sergej@test.de', TIMESTAMP '2014-12-15 19:43:49.441', NULL, 'test metadata', TRUE, FALSE, 'test metadata', 'jpeg', '/img/upload/1208c93a0a0afc1af8850b2dd1f2c129aaef55848f66e7b12c436473ddafc78884fdf508d9bbd5624a2c898e58fdd6d6a97f1c6f5eed3f7f91a2fd1a30a18698.jpeg', '16.jpg', 'upload/12dfe9621346c4db705d8c909e28a4509fab47649b4bcf7e100e4f9d97a5c1dcf19e03be8c74fd30244a0a1764aad06fae673cdd04c408070efab1b4395dd61b.jpeg', NULL, '/img/upload/d2f6fa3a5ce6cc8af52cafa932fff1d2d5c872b5ba1e9dd7f02c9fb65cfffd6cb73d847a68321aa7ac1164ee98b04e816456d375da075c6646993edbcb252b28.jpeg', '/img/upload/d68ce6965d54da702ef1369b8532d53783bf55827f1cfd2330ec2dcc40f257caf6b74632421051e926bc24be496fbbee09a31fe4a90f1c913553de878c6cfd5e.jpeg');
INSERT INTO RES_IMAGE(ID, CREATED_AT, CREATED_BY, UPDATED_AT, UPDATED_BY, DESCRIPTION, IS_ENABLED, IS_PUBLIC, METADATA, MIME, MOBILE_THUMB_PATH, NAME, PATH, PRICE, SMALL_THUMB_PATH, THUMB_PATH) VALUES (14, TIMESTAMP '2014-12-15 19:43:49.442', 'sergej@test.de', TIMESTAMP '2014-12-15 19:43:50.847', NULL, 'test metadata', TRUE, FALSE, 'test metadata', 'jpeg', '/img/upload/cd32e9be086f54d1eb2b72c851f17d9ae7b742a2f8d4418915949e22343c0699cb5946608b80c0a0c8e09e9a81f61756a1ffadc0600cd29f5d163ec0dad2db9c.jpeg', '9.jpg', 'upload/c386662ba940c3dab369a16cc66bbfac61d14f0ffb789270a93cab315e7a297fa8765c105b3c735f509973e4771f5fa1a50ecf6e216d57715a044b662e59265b.jpeg', NULL, '/img/upload/6ed74bab6fb6ffdd875d93ac290ec79304e0c33c5900e008dc2de8928efbf261c04098dea18a2ba2305f4bc72f5fce01a6a9ea385075bcfdea0433dcc3c29fc0.jpeg', '/img/upload/96d71fd983ddb22a3c2ba886eafb4d6df72e8196199c08d7f5070980a5e9b777e63b4e770a73e21daa4c84b3a18b7b79cdf807abddc629f350ee7472669a1066.jpeg');
INSERT INTO RES_IMAGE(ID, CREATED_AT, CREATED_BY, UPDATED_AT, UPDATED_BY, DESCRIPTION, IS_ENABLED, IS_PUBLIC, METADATA, MIME, MOBILE_THUMB_PATH, NAME, PATH, PRICE, SMALL_THUMB_PATH, THUMB_PATH) VALUES (15, TIMESTAMP '2014-12-15 19:43:50.848', 'sergej@test.de', TIMESTAMP '2014-12-15 19:43:52.417', NULL, 'test metadata', TRUE, FALSE, 'test metadata', 'jpeg', '/img/upload/e6fbd37bdd8032714854ae67c64c8292cae392b843ba3aebc02797ce3154d3916ca9e242292baf84bbd99bb7c59af7fa8c20b08019bafdd293914fb5f1c2c7c3.jpeg', '10.jpg', 'upload/a8abec0b2fac3f9c8d08c0b2b06e75e591b67a5cba47cc0f0c66468f1db6b5ddb75461b57ea1e17f1eb90b62e6ca9e1cd2491e43829709288e1f1f592bcae1a1.jpeg', NULL, '/img/upload/736db1cfcf1729ee1fe983cb7d846d16092a96af3737c3fa2d4cf42cc911a649baf220c1f1b11edc29218c112582cc6de1fe338a5eac3ffd5a6183111e61843f.jpeg', '/img/upload/bce2dade772e4f218e6d034c77d3950c48f86ee28b821dfbcc3602a4a617b030b2418d5be27299a5a107d89023afd34ebd3073275810ad796ae2b04c41adff45.jpeg');
INSERT INTO RES_IMAGE(ID, CREATED_AT, CREATED_BY, UPDATED_AT, UPDATED_BY, DESCRIPTION, IS_ENABLED, IS_PUBLIC, METADATA, MIME, MOBILE_THUMB_PATH, NAME, PATH, PRICE, SMALL_THUMB_PATH, THUMB_PATH) VALUES (16, TIMESTAMP '2014-12-15 19:44:50.62', 'sergej@test.de', TIMESTAMP '2014-12-15 19:44:51.861', NULL, 'test metadata', TRUE, FALSE, 'test metadata', 'jpeg', '/img/upload/d01ca168df1c00e1a0bc8e2864ecad079a594096db7d53975a6bfbc7f6063745155b0af69f06e24e77eaf60f45d77b15c89b7c1bf7dbedaca13b9c47c948ed82.jpeg', '20.jpg', 'upload/8bd4964ded25d2608bbfd709784f9ca9893b6e3e51ec556d7c368c561a2c4f4135266ec7bb6fdeb3651213ea2a8eaf2ef3711b8a51f86c3816c821a62d2694ea.jpeg', NULL, '/img/upload/72790d81895545463e525c89221378974c185bf7b13d9c01f354e0498200738744233b9c0c634e7131c79fbb46570bac2e9ab92bf764d49b3cee7b663ee6dab4.jpeg', '/img/upload/197022a54749dfa5cb0825f22b1bc463183af84600c0e15149d4bc7a3db8c84e64b119ea180e9e017d5ffac458712fc69eb5e06b3278a8c428794766e3f49a36.jpeg');
INSERT INTO RES_IMAGE(ID, CREATED_AT, CREATED_BY, UPDATED_AT, UPDATED_BY, DESCRIPTION, IS_ENABLED, IS_PUBLIC, METADATA, MIME, MOBILE_THUMB_PATH, NAME, PATH, PRICE, SMALL_THUMB_PATH, THUMB_PATH) VALUES (17, TIMESTAMP '2014-12-15 19:44:51.861', 'sergej@test.de', TIMESTAMP '2014-12-15 19:44:53.214', NULL, 'test metadata', TRUE, FALSE, 'test metadata', 'jpeg', '/img/upload/07d54fb477c624d56d47894443ff404194477558d60e04d2267ee9e0eabf10caef4eedddc2f7fa684edd59aed1dec5acc4ce3cb36d29e1b3cab112a4a8667028.jpeg', '21.jpg', 'upload/9659dbdf1d162306ad8ba15f2454b718b566a6543d3df1358a7ac6680a5a58d693b5288b012dbd16d3c28da60b2ff1a770c5a8484a8478c0902c6b8073eaf24c.jpeg', NULL, '/img/upload/80dcc955713ba476ced70c0d85e2e6a38f5c80c35fd4738e3c05702ca699b3aa76b2b17e82e25004a5f43cc4fb902b70e2f9809d8b0ca20f8ca7badd04f0be44.jpeg', '/img/upload/9a3f51cdd8517bc67b2e0720284f46f1bb868322535338b385bab4ab87668e16b4277d7ea98a2460e31617b12bf0e3401f4aa7506f0b4f6a95ef05fbfa7a01ed.jpeg');
INSERT INTO RES_IMAGE(ID, CREATED_AT, CREATED_BY, UPDATED_AT, UPDATED_BY, DESCRIPTION, IS_ENABLED, IS_PUBLIC, METADATA, MIME, MOBILE_THUMB_PATH, NAME, PATH, PRICE, SMALL_THUMB_PATH, THUMB_PATH) VALUES (18, TIMESTAMP '2014-12-15 19:44:53.215', 'sergej@test.de', TIMESTAMP '2014-12-15 19:44:54.287', NULL, 'test metadata', TRUE, FALSE, 'test metadata', 'jpeg', '/img/upload/25ca4040098ca385c9e76e21fb060fa86c0e3ebe9658b60c7fd828dde36f20af122c97ab56398c96f58a6edbd3bc20ecee220f08c3691787c607dd94fd21584b.jpeg', '22.jpg', 'upload/95903604994d4ea70481353ac3322f05be9b965ec7eed540e06a3654a6ccb19221bc32f5f3baf35018ff039bfe94ccd1dbd919fac6cb265efca5ed43de1deb0a.jpeg', NULL, '/img/upload/dd387175868fface16395ab9e8fee7629768115612d6a2119b3734a99d88128ead903b0ce021a188f118de75e6792b9875b40aec8b1ab8793c7625a0fd1102cb.jpeg', '/img/upload/4557e6942367850093accd8d5b095de9c9e8e91f6f97138e79b20fd5434376b4e467bc6a6710fd5939335b9525bb5c87065d9dd60a3b4b60d8be9905647325fb.jpeg');
INSERT INTO RES_IMAGE(ID, CREATED_AT, CREATED_BY, UPDATED_AT, UPDATED_BY, DESCRIPTION, IS_ENABLED, IS_PUBLIC, METADATA, MIME, MOBILE_THUMB_PATH, NAME, PATH, PRICE, SMALL_THUMB_PATH, THUMB_PATH) VALUES (19, TIMESTAMP '2014-12-15 19:44:54.287', 'sergej@test.de', TIMESTAMP '2014-12-15 19:44:55.528', NULL, 'test metadata', TRUE, FALSE, 'test metadata', 'jpeg', '/img/upload/71525a7de40af7700ac80be05f71f69429df5d0a91cde135300cff97f2895258a0bc4538df35d3a1c90fb01546e70f1dcf10f12322cb60bcca385979d341e521.jpeg', '23.jpg', 'upload/b621c14d7802cba525145e0f2abea6cdb178415b230ca23ce27d35e95ecf2afd8b715fd1774f833ab3caba48f38b4acf4600dbc517fd78daf779cb9d66c65acf.jpeg', NULL, '/img/upload/984622365553df9fd15a1ae4a3c2f0dea9bbc4af2a117d50d1448ab89b128b21823634bb648319cb3f6d080d059cf90974054097e7a93117eccad97d9fbb106d.jpeg', '/img/upload/d621940f9c5d95ac2ae6609f174f948c702febd5cf583bae78228aa17d2755585a8851404a8b6afd7104ef597d145da1aa427e33077b7faeb9008f5a6d1cd961.jpeg');
INSERT INTO RES_IMAGE(ID, CREATED_AT, CREATED_BY, UPDATED_AT, UPDATED_BY, DESCRIPTION, IS_ENABLED, IS_PUBLIC, METADATA, MIME, MOBILE_THUMB_PATH, NAME, PATH, PRICE, SMALL_THUMB_PATH, THUMB_PATH) VALUES (20, TIMESTAMP '2014-12-15 19:44:55.529', 'sergej@test.de', TIMESTAMP '2014-12-15 19:44:56.734', NULL, 'test metadata', TRUE, FALSE, 'test metadata', 'jpeg', '/img/upload/5a853afa3e36e64153dec8d84c06a0aa6879e9785f7840f026c381ac30bed56311e5fcbcdfb100e82dd6d2616224bc58930c9883e46aa40e5304cd5f8b629b68.jpeg', '24.jpg', 'upload/bc7dea130d219f9d1097a174eb56df348da86f1080c5e5c1ff9e9ef4c4204640ba01b946f3a2fa8ea8adcf2a099e76ccb58d8632c7c51b1d42c5d4f72ce09413.jpeg', NULL, '/img/upload/f0e620925d0b6dc18ea61fb45492c5bf15a05c818d0a14dfb5ef870981aa54e80b4699d1557752520ef9a9cfe07f2f8feb7d5ffd09ee2f39f08eb2e5d7f56141.jpeg', '/img/upload/11cedd05a423589e7196aff1a3c84fa7d6c6c21082d8a14c06099fb6219783557ae9a35d00f8535ebc1e37827e59073980e7636f42ff32d6b8a44d09973da574.jpeg');
INSERT INTO RES_IMAGE(ID, CREATED_AT, CREATED_BY, UPDATED_AT, UPDATED_BY, DESCRIPTION, IS_ENABLED, IS_PUBLIC, METADATA, MIME, MOBILE_THUMB_PATH, NAME, PATH, PRICE, SMALL_THUMB_PATH, THUMB_PATH) VALUES (21, TIMESTAMP '2014-12-15 19:44:56.735', 'sergej@test.de', TIMESTAMP '2014-12-15 19:44:56.918', NULL, 'test metadata', TRUE, FALSE, 'test metadata', 'jpeg', '/img/upload/ccf9e875debc3d9d3948bf95f91151f6ed9e94987412728bd318479ebe1f376d8f5a026c365b8ebf414ce2b01ed00316cb96e050207f6f7c2cf260a1c6f0d7a2.jpeg', '17.jpg', 'upload/84865a87593500aaaa29a49c382b84491eb97ac61a9264edd724aaaa81227040a557412b98841c14ed48b365f9a2f25faf7f59561d001bfa118070ec60dea8f3.jpeg', NULL, '/img/upload/327487bc5be6694f63fd8e01b9783e504212509fcb20d3c0c46b57093d47e2e339caecc35d8e4b8b4f7f5f5141d9296c975a159f196d417419766646057b9cec.jpeg', '/img/upload/491b1a7686a4a6f677dea72a3e8bca376980a9f7dc4381e69419415b7a7538a48dfd69513969132ef3e186b64f20082ec6083a981685c39ba4f451bad326b133.jpeg');
INSERT INTO RES_IMAGE(ID, CREATED_AT, CREATED_BY, UPDATED_AT, UPDATED_BY, DESCRIPTION, IS_ENABLED, IS_PUBLIC, METADATA, MIME, MOBILE_THUMB_PATH, NAME, PATH, PRICE, SMALL_THUMB_PATH, THUMB_PATH) VALUES (22, TIMESTAMP '2014-12-15 19:44:56.919', 'sergej@test.de', TIMESTAMP '2014-12-15 19:44:57.25', NULL, 'test metadata', TRUE, FALSE, 'test metadata', 'jpeg', '/img/upload/0d06dd01ca61409df3937746ceb01190ccc670fe21ae9d02fb9abe4a0fb64ada7360c4826d14f4f152bf7136056d62350920968667e538c57724b9a50dec8ee2.jpeg', '18.jpg', 'upload/487aa97588681f77efd212a31b59c45d0871f4064eb170ed995bbe47bfb6f45b2ed4fba770668bdc6d5a46a9a689625d4bc86612dceb617560d2c7957a264125.jpeg', NULL, '/img/upload/0fbec5924bfee3d847607fecba8abea433a5bb6b17a8c6f4d7c10f06c5dd099dbf5a10c8e6749a221b32c05c259298c31d35bc081fb78e1b8ef24cd1a4e2d7bf.jpeg', '/img/upload/aea2e397043a24df4d1976e2c661a529724adbfd84dbcbc11935efe4af41577aed2bd2c8955f0721ea4c4142a3f31696c066b6585ca5719697911caf2eee67e8.jpeg');
INSERT INTO RES_IMAGE(ID, CREATED_AT, CREATED_BY, UPDATED_AT, UPDATED_BY, DESCRIPTION, IS_ENABLED, IS_PUBLIC, METADATA, MIME, MOBILE_THUMB_PATH, NAME, PATH, PRICE, SMALL_THUMB_PATH, THUMB_PATH) VALUES (23, TIMESTAMP '2014-12-15 19:44:57.251', 'sergej@test.de', TIMESTAMP '2014-12-15 19:44:58.509', NULL, 'test metadata', TRUE, FALSE, 'test metadata', 'jpeg', '/img/upload/1d3a607648be3ccfc9db64c68c986f5367126c91282ee00dfa991a90fa7fe0dc69e828b7252f1a5891206a68026cb43ffd404e3413f17736ddf7d5355b9c2b0a.jpeg', '19.jpg', 'upload/7bf79737110a1d25ffc719d9a8df5f5caf32f9f270ba0a560cc320f3a30366a4b20bfad4a4b35119a0764a0130f96f0c505ef3537a2295f6ee8ac1acb8eb36d4.jpeg', NULL, '/img/upload/bc416b2baae70bfcccc38f88b784474a14f8fd96506317420c080a768ba75fecf4e2f8e2d347ae5bca3af1538d38f3424d41af95589813fa04aace45505ff1cf.jpeg', '/img/upload/57f2d043ddc90ad4aa053d5514a1fdd99a3a6e23d9249db68ffa1401e27ed86d2ca903e0b7556c904bc40f5ad475e3143857bbf7e08c110b9a0571bc47411ea5.jpeg');
INSERT INTO RES_IMAGE(ID, CREATED_AT, CREATED_BY, UPDATED_AT, UPDATED_BY, DESCRIPTION, IS_ENABLED, IS_PUBLIC, METADATA, MIME, MOBILE_THUMB_PATH, NAME, PATH, PRICE, SMALL_THUMB_PATH, THUMB_PATH) VALUES (24, TIMESTAMP '2014-12-15 19:45:46.902', 'sergej@test.de', TIMESTAMP '2014-12-15 19:45:48.203', NULL, 'test metadata', TRUE, FALSE, 'test metadata', 'jpeg', '/img/upload/1319ffe40962263cca055f03699dfe8bdaed2e04ca1a7a01fcfb69f21cab61eaafb480af1040cca1ee348eca987c62a4d562581a1d5d2edcba9ea973eab60953.jpeg', '28.jpg', 'upload/80def0a37cb589be75e1b976ac3a7666e6f9ce9c3830901107fb170aaa0e3bd17ff96c5871972eca91f50658eb632aa431b804e2ba6b2dffce2ad0ae64712782.jpeg', NULL, '/img/upload/b6b3bd51c5fe101682a33791b96506a530f7e90ce0e3ff3ac55819f6e5209bf11b7973e25f89f3d79d25a981ee8e987d16481c90c4416d36ab6cb00639ff1c04.jpeg', '/img/upload/2770498674f2845fbef154b7ac28de7d3fadd9f9dbf6ac259c5a4855c7e76d6a66bd22dfd8242d8c7e1f3cc24ee3049e170388f469bdcc38e47dfa51a4060f87.jpeg');
INSERT INTO RES_IMAGE(ID, CREATED_AT, CREATED_BY, UPDATED_AT, UPDATED_BY, DESCRIPTION, IS_ENABLED, IS_PUBLIC, METADATA, MIME, MOBILE_THUMB_PATH, NAME, PATH, PRICE, SMALL_THUMB_PATH, THUMB_PATH) VALUES (25, TIMESTAMP '2014-12-15 19:45:48.204', 'sergej@test.de', TIMESTAMP '2014-12-15 19:45:48.717', NULL, 'test metadata', TRUE, FALSE, 'test metadata', 'jpeg', '/img/upload/4eb0630d775f68e6633c81e523f48c06d657dca9e81a884c31be4394bdc9c773710985afb9b979a0385ea7dcaae2de49a9703af5732723e6a4b7f206431f7192.jpeg', '29.JPG', 'upload/a4a3cd6ad27b0a593f5c188086978992fef71b22aa5e4211646c62c9c031dc32e301c56a3513ca811b2725eca01e09f7eefafaa65af129050beea4938ffa18ca.jpeg', NULL, '/img/upload/b91b760864845d1dc9c48d91a363dbce12ea1a480bb6eb860a950b9090facd5a409812176b35507ba5064fe51dd47ba13bc3a61e24799a62014823852d7a7783.jpeg', '/img/upload/7c97ca7f9984d66970efcb81b426efbb167347ac39959fbe1cc9e9d8f61df8a32782e895ac25eb8c546feadac0f34672972b9d363af5d5a34c8b19030c95c029.jpeg');
INSERT INTO RES_IMAGE(ID, CREATED_AT, CREATED_BY, UPDATED_AT, UPDATED_BY, DESCRIPTION, IS_ENABLED, IS_PUBLIC, METADATA, MIME, MOBILE_THUMB_PATH, NAME, PATH, PRICE, SMALL_THUMB_PATH, THUMB_PATH) VALUES (26, TIMESTAMP '2014-12-15 19:45:48.718', 'sergej@test.de', TIMESTAMP '2014-12-15 19:45:50.235', NULL, 'test metadata', TRUE, FALSE, 'test metadata', 'jpeg', '/img/upload/3424578a882c38bde0eda83a81e45c497c9e1aff1ad72def3e1b05b004a24f0296a3ff4e74525fc4e4a4f69ec06a18ef61463f745f541cc69f4952a8f342baee.jpeg', '30.jpg', 'upload/ef52db28b01e9632cd5969f3ccf502e9e43c33fa30cfa8a0227a07d0dc4be590388da493e42257af4c45fe42a7b702fcd649885eeb92f53c3c115dc661aaecab.jpeg', NULL, '/img/upload/8594fb876d24b116a0e7ccf7d34715113014ac732810bb4da3e7feaff757738a206019c2e535ad4112b07b487c1180bab191ee26d594e72fba40e190b27371b9.jpeg', '/img/upload/7ca4756c1b2671ab1228213e50edffa7d476cf9a6a2b689362fbd18e6ed3c883ed1aa98f8442ee15a7bc46b6b6c74b6ee72087f6471db67a709c49171c47af6f.jpeg');
INSERT INTO RES_IMAGE(ID, CREATED_AT, CREATED_BY, UPDATED_AT, UPDATED_BY, DESCRIPTION, IS_ENABLED, IS_PUBLIC, METADATA, MIME, MOBILE_THUMB_PATH, NAME, PATH, PRICE, SMALL_THUMB_PATH, THUMB_PATH) VALUES (27, TIMESTAMP '2014-12-15 19:45:50.236', 'sergej@test.de', TIMESTAMP '2014-12-15 19:45:50.789', NULL, 'test metadata', TRUE, FALSE, 'test metadata', 'jpeg', '/img/upload/56fded90c9f245b5a3e363b5f7a70bc7c5ada1ed681eaa42f4e453f42564593d289045cb1fdeb3ff645b1ba0f56f0020c079b9e7f4061949c3d469618fb2a2d8.jpeg', '31.jpg', 'upload/3414d7bfdde8010a3aad2b5f62144cd1daedd4d88db916955b3bc9c12a72c8b6907bf7c5f2645d68de9422d3a5c7aecdecdfe70355864164f4faafeb1a6efb5e.jpeg', NULL, '/img/upload/b83d625610d1815ccec536c81a0f4c1985336d2daa8d9f5b494fb8e247aff17aa628c6d255c648370cf3612a363eb6e86b46c99091399c93f649636d4fe874bc.jpeg', '/img/upload/faa634c92e0f82d2a89d0a9e9729607d7486f9b23015535c7c254001c686e26b1260e799bd311c05a0ab83b2ef409aacecc18668cbdaa46b634b9cf0bdc6206a.jpeg');
INSERT INTO RES_IMAGE(ID, CREATED_AT, CREATED_BY, UPDATED_AT, UPDATED_BY, DESCRIPTION, IS_ENABLED, IS_PUBLIC, METADATA, MIME, MOBILE_THUMB_PATH, NAME, PATH, PRICE, SMALL_THUMB_PATH, THUMB_PATH) VALUES (28, TIMESTAMP '2014-12-15 19:45:50.789', 'sergej@test.de', TIMESTAMP '2014-12-15 19:45:51.872', NULL, 'test metadata', TRUE, FALSE, 'test metadata', 'jpeg', '/img/upload/0ddb0ef9b57d71604072c9f5c8150238133c99c26fe582b67822b5b264e17897cd6ea50d70354e8bf09b017ac87de63c2f55e021a1b52dd958a7799974a810a4.jpeg', '32.jpg', 'upload/cffaba95edd5423edc8f53a99927111e78647ba60c4c891ecf91a0b3d0ca61a8550fd75c20d4df22268bdb680d341cc5fb4d232c26c076c01a26911acb0b10ae.jpeg', NULL, '/img/upload/ec4f4888b8f527f79556f18c8d9aad0da5ef1e348b016e577994897b3ada7683ebe550585e2b56a2c660c40d918057552da08f6710cf651177410bb70be61867.jpeg', '/img/upload/874a69b807c103b9f30ec7527b00c1715f9f515d63a5bae8ae8bac3caa17c4af945a36a4e00d78c1a8ce57ad6bee151ed00d39c68dd24184f0c78b55a7d40226.jpeg');
INSERT INTO RES_IMAGE(ID, CREATED_AT, CREATED_BY, UPDATED_AT, UPDATED_BY, DESCRIPTION, IS_ENABLED, IS_PUBLIC, METADATA, MIME, MOBILE_THUMB_PATH, NAME, PATH, PRICE, SMALL_THUMB_PATH, THUMB_PATH) VALUES (29, TIMESTAMP '2014-12-15 19:45:51.873', 'sergej@test.de', TIMESTAMP '2014-12-15 19:45:52.918', NULL, 'Universum,Galaktik', TRUE, FALSE, 'test metadata', 'jpeg', '/img/upload/abd27ed708478856738288a71a33e42e716a8fe3d1401ed62f31210f83dbc96b742314184264d5c5fdebbcb4335b3039fcd7be528bf12fa25809ce47a6fd6ad5.jpeg', 'Milchstraße', 'upload/c674de1d90763c6981258fe9381ef803a9384768b848c3878ab9f2c7f90c80ce9f21be1211f7c762317c780df40b7c372543f834953c43a77fe9a4e9d2ce44d7.jpeg', '1.5', '/img/upload/44299b4b93ef4d88ea4eace5453a4640d3f8d3246d51cce35eabaf66aa16d28a396dfc5158e41e30a7a26248252b579fd0d4f7d5ed412b31a408791d9bf28c9f.jpeg', '/img/upload/2a06aef6fe27e3d98ded3ef0623643ed902ee07b0705adea95eaa0e1ace2fd213602608048479f3a865b2241c4a1d28e2bf2e223e89c06f737982d5462c7a31f.jpeg');
INSERT INTO RES_IMAGE(ID, CREATED_AT, CREATED_BY, UPDATED_AT, UPDATED_BY, DESCRIPTION, IS_ENABLED, IS_PUBLIC, METADATA, MIME, MOBILE_THUMB_PATH, NAME, PATH, PRICE, SMALL_THUMB_PATH, THUMB_PATH) VALUES (30, TIMESTAMP '2014-12-15 19:45:52.919', 'sergej@test.de', TIMESTAMP '2014-12-15 19:45:53.266', NULL, 'Brücke,Baustruktur', TRUE, FALSE, 'test metadata', 'jpeg', '/img/upload/083c4b8f4a6d77397c19775bd96aaa095c7212c754c1365f7e2cfbe94c91f12fb4ec488e2a55cbbb4b53ee19115396011ea5755adc262f303565ffa838e8e4da.jpeg', 'Brücke', 'upload/5603c3304ef93401ae8d65e3fc1809e964691172063a48f92ef8a3f8c044bdd84f419952f6675ccaf2df76d7fd86c998407e24aedef9868e128c6cba279b7624.jpeg', '1.2', '/img/upload/676bc6d09b9759e7ea6e144acc063047e497a70b4c7a859a1516646eb8da93877037fb3b0762c812855f78fcb6b333c38a8155a7b5afb02d8e0002084ada0710.jpeg', '/img/upload/5715dd909971fc6e6dd7c4e49cc542c7483a7cb09e3032ce83edf6a9500694d1ed401b8e56b9c6b1fc00e06574a52f267035c02ce3b58211c224d8e024298eac.jpeg');
INSERT INTO RES_IMAGE(ID, CREATED_AT, CREATED_BY, UPDATED_AT, UPDATED_BY, DESCRIPTION, IS_ENABLED, IS_PUBLIC, METADATA, MIME, MOBILE_THUMB_PATH, NAME, PATH, PRICE, SMALL_THUMB_PATH, THUMB_PATH) VALUES (31, TIMESTAMP '2014-12-15 19:45:53.267', 'sergej@test.de', TIMESTAMP '2014-12-15 19:45:53.611', NULL, 'test metadata', TRUE, FALSE, 'test metadata', 'jpeg', '/img/upload/d9b571c5e4f4983389ecc3aa0731edb06252d860de78305d3c03061a6a9d2df10654bbef57a12a240e11dd4a03fbafe3bbee1752ce57b04ff0d25c280a55f088.jpeg', '27.jpg', 'upload/838eb538a86499c61ee2f47a4d94114a03a623c8f70b95dd0d74e552c8448de53aa3a53b3682cff76022a3edb8f08dd2fd48a2c3614e7fb3b8a3ce1d1e5662bc.jpeg', NULL, '/img/upload/51ac4d945040e7bb3e70278b6c84b78bbf1a56e39f333387e47054f65e07f880e762aba6179dbda9ae8053efcd9130635f208de03281a7de1244c2bcc03ef1ca.jpeg', '/img/upload/e9946a771650bf70cb1d1efcad516e26a0104b30665d4e46dfdbbff2db0866f3aaa3d960a912c75e44c0ab059a77a9e7e3784cc3b3cfed8728b3f2ff3ba1fa0a.jpeg');
INSERT INTO RES_IMAGE(ID, CREATED_AT, CREATED_BY, UPDATED_AT, UPDATED_BY, DESCRIPTION, IS_ENABLED, IS_PUBLIC, METADATA, MIME, MOBILE_THUMB_PATH, NAME, PATH, PRICE, SMALL_THUMB_PATH, THUMB_PATH) VALUES (32, TIMESTAMP '2014-12-15 19:46:45.972', 'sergej@test.de', TIMESTAMP '2014-12-15 19:46:47.031', NULL, 'Gebirge,Wald', TRUE, FALSE, 'test metadata', 'jpeg', '/img/upload/d3d2fd881cd49f96cb6776a0d2b34209e6efe34e60de1b090f5b2833063add45fd53ac83aba4490dc5ba1a66a6a31085e795708c49c377aa085725b8a653b1ee.jpeg', 'BergWald', 'upload/bb90b23776dfde3333f63a924ebd2a039d80fc9280a7d1e9418529ced428930b69a95d55c4d9238f30b73789b4ebe0356bb9b8707025e3c527ca34825a160e2d.jpeg', '2.9', '/img/upload/562de0926407e6ba884d4abd38770e2999203b014e1058dda91c41a80d94051a32e4beec2f2d204b7ee10e9e78f598676e3031c4db149ed94f6d6b3bfff975ea.jpeg', '/img/upload/cc91ff5df447806e56e2499247e164a9196d71703678cfe00c088f504fde86a5bdfdcb6986ba4e4e5203210179f6256b1fb52b476737f7fbbf89576b0a174ffb.jpeg');
INSERT INTO RES_IMAGE(ID, CREATED_AT, CREATED_BY, UPDATED_AT, UPDATED_BY, DESCRIPTION, IS_ENABLED, IS_PUBLIC, METADATA, MIME, MOBILE_THUMB_PATH, NAME, PATH, PRICE, SMALL_THUMB_PATH, THUMB_PATH) VALUES (33, TIMESTAMP '2014-12-15 19:46:47.031', 'sergej@test.de', TIMESTAMP '2014-12-15 19:46:48.198', NULL, 'test metadata', TRUE, FALSE, 'test metadata', 'jpeg', '/img/upload/0e6cc9673407776d8be86745806465dad81036de9695269d15dfd9f5ed564c50aa08337216859ee18018b52b74e7bc649e2a5eeb5efde6e749133b67b0b93943.jpeg', '38.jpg', 'upload/a3f1d1838dfbe3d28a3b5eb40c36c175c051d2eafe9f6a3dd714ca0d221754a91c016cf93cba110bcd09848287dbd7ec0dee3f676c588f830af33b45d845573c.jpeg', NULL, '/img/upload/c13dea2f07388b3f8fc0389a3bf241673a54e96bdaabbc2d70a2ca0448814efe5862ff9d0be18ab42da57229fbff27c0f6b5e9952c13fe7eb99e0fa986b612c2.jpeg', '/img/upload/ba63c9dc62ed70f1b7ae82256b19c40b5830226ffddca4703074dffbc190ec6aed4e2a91d7be5730dce945106f2ad593873677ba3fccc74cac820b024d8e7678.jpeg');
INSERT INTO RES_IMAGE(ID, CREATED_AT, CREATED_BY, UPDATED_AT, UPDATED_BY, DESCRIPTION, IS_ENABLED, IS_PUBLIC, METADATA, MIME, MOBILE_THUMB_PATH, NAME, PATH, PRICE, SMALL_THUMB_PATH, THUMB_PATH) VALUES (34, TIMESTAMP '2014-12-15 19:46:48.198', 'sergej@test.de', TIMESTAMP '2014-12-15 19:46:49.181', NULL, 'test metadata', TRUE, FALSE, 'test metadata', 'jpeg', '/img/upload/74cf6813d0e4483564460394f7877dca0e043dda62632c7715dbedd3b715f9d5daf713ed4b5e5032f4f83f727a5405c0b631db36ed548e98cdce7c409023404f.jpeg', '39.jpg', 'upload/62b09abf6d9f2846c1785343a14449c125b8955c2445171a8bd76af58c874fdf1552070145ead76e36da2869c740b98a5ee900d87403ece014ca438fbdabaac5.jpeg', NULL, '/img/upload/39f3d286adff3b6a693faa4e1b241eaaf80706f88f5cf756c5f74d8d9769f41290aaedf97f0037ccc855720bc75a892774187d6a3073a98bde83e085466b6f12.jpeg', '/img/upload/2feee84ef9dda5dfccd0cac7da43a7d20b09ec6af63ec0f8386283582d9b87999cf0512ef869d4c26ee6f789001df44c068cc2db73bc2699f0d4c68926d00863.jpeg');
INSERT INTO RES_IMAGE(ID, CREATED_AT, CREATED_BY, UPDATED_AT, UPDATED_BY, DESCRIPTION, IS_ENABLED, IS_PUBLIC, METADATA, MIME, MOBILE_THUMB_PATH, NAME, PATH, PRICE, SMALL_THUMB_PATH, THUMB_PATH) VALUES (35, TIMESTAMP '2014-12-15 19:46:49.182', 'sergej@test.de', TIMESTAMP '2014-12-15 19:46:50.451', NULL, 'test metadata', TRUE, FALSE, 'test metadata', 'jpeg', '/img/upload/c273fec6ea4ba901bf7597f7e53ae4952e0305311c64911f17ddc22ffd5ae9c377f2d7cdf1dad4b308bda3aabbd7f9bc95acc9235cd5adf34444f8b7197ac317.jpeg', '40.jpg', 'upload/d951c24b4b9e7b78c94c324cdcfaf0ecbf0fad6f8fbaeca34d64c1521902e8b1eaf8e33f008617f8e198e87a2df7e9c2c36478bcc539dae67de8efc30db07f22.jpeg', NULL, '/img/upload/23cced69724aecffbd524d84d5fdbb8b1bfd2b2f36b17ceb48d0c522ccbd753c616ec7a284f9136c1ef13fa4310e290fa8a5b512652313d6575f550bdc451ea3.jpeg', '/img/upload/837f2bd86e0176dcc92c7c67e0822567043c8cda8dd5880b52d05a7465a7e7036bcf76b3e0ac0804055ce3b8464eeb76658e3a3a7a96030389c2de47b9116333.jpeg');
INSERT INTO RES_IMAGE(ID, CREATED_AT, CREATED_BY, UPDATED_AT, UPDATED_BY, DESCRIPTION, IS_ENABLED, IS_PUBLIC, METADATA, MIME, MOBILE_THUMB_PATH, NAME, PATH, PRICE, SMALL_THUMB_PATH, THUMB_PATH) VALUES (36, TIMESTAMP '2014-12-15 19:46:50.452', 'sergej@test.de', TIMESTAMP '2014-12-15 19:46:51.519', NULL, 'test metadata', TRUE, FALSE, 'test metadata', 'jpeg', '/img/upload/d3540607cdbdaba890de11442596ebde52a63665da7f4e6ce262494214ffcaf46996175c0edd34962088e21879444d5dd2c87efe3ce83140348fd5eaa1b4e7af.jpeg', '33.jpg', 'upload/7820561264baf306e62430accddb1e07cc3129eab1ad131040c36f84b7bda8e283116fcba7582f53f8521b8ad70789c34cb82781cc48e028e646a12c004de63a.jpeg', NULL, '/img/upload/79cdeafd563811240a05c118e60b67e65097630a9efcd23cf8c6b1dd8be123712d6271516b539fe87ac3f45150d6f9105067af01b3add50dc7a0084e7daf8784.jpeg', '/img/upload/f8e82c05b9456e0da208b7b1578eddb879a825fa2b6ba1c5ef4d9d30f27ef5c9414dc23273d32ca0039af0be24bfadb64b99883d7083c0fefc9c3c24eea899f6.jpeg');
INSERT INTO RES_IMAGE(ID, CREATED_AT, CREATED_BY, UPDATED_AT, UPDATED_BY, DESCRIPTION, IS_ENABLED, IS_PUBLIC, METADATA, MIME, MOBILE_THUMB_PATH, NAME, PATH, PRICE, SMALL_THUMB_PATH, THUMB_PATH) VALUES (37, TIMESTAMP '2014-12-15 19:46:51.521', 'sergej@test.de', TIMESTAMP '2014-12-15 19:46:52.166', NULL, 'test metadata', TRUE, FALSE, 'test metadata', 'jpeg', '/img/upload/688975fa7dfadb6f5b636fc2a51622ed1fa1ac532ed418ec2de1ac3b5cd2a04759d5b7553e7fe0d75dbc907f7f1b22c91c9badfca0a563e6270c09b19349da06.jpeg', '34.jpg', 'upload/bb85a0a8c0de7fcd6034177952d6affe0785c0d7760b921239b1b0749fbeacc3176729196e1c53f0aee0056daa96245eca6c01966aaad811519e514edfaa883c.jpeg', NULL, '/img/upload/29b914d625c1831e072a07ec6ea9d05be9f6c454cd1995d5e574a2bdbbf59f5461cf37dc18f51f86f0d40f7266e991939c5abdcbbc4f46f124b092cb3703723c.jpeg', '/img/upload/9d1236c8231f7164f17a4e33ac1a7fe8af18cc318c7cebad5eacddc5fa747247c7c7206bfa0a5eaa486a7685072f9dcc8a9a753c8a645079e0759319ca5d60dd.jpeg');
INSERT INTO RES_IMAGE(ID, CREATED_AT, CREATED_BY, UPDATED_AT, UPDATED_BY, DESCRIPTION, IS_ENABLED, IS_PUBLIC, METADATA, MIME, MOBILE_THUMB_PATH, NAME, PATH, PRICE, SMALL_THUMB_PATH, THUMB_PATH) VALUES (38, TIMESTAMP '2014-12-15 19:46:52.167', 'sergej@test.de', TIMESTAMP '2014-12-15 19:46:52.587', NULL, 'Feld,Natur', TRUE, FALSE, 'test metadata', 'jpeg', '/img/upload/dee7bd590a16848bfdc4d026ba1d424e080e159f34960465e6bcf46e2f884b6fab09c74c0d66e9042a34230f7c76ea449ba3a29e3aeb4489130217e2add76bb9.jpeg', 'Feld', 'upload/85eb108b7e36af2b00ba3e0bc2e2ece782fbf86ef4946df5f91b8ddd978a559f4a6e4f8896b4dc7deb1ba22703ffc5dcefb650c54c60bc8d98b2411a5c2191f1.jpeg', NULL, '/img/upload/9a877d6e4945952399623b4c2729faa9d6211bf48db938b95b99a2413bbd2acd0e1d0aed68774e4a82834f609a5091fa90857ecf3843ad4e7a5c1fd6d7e21ad5.jpeg', '/img/upload/daeedec4572c964e5739b8bae2e1e280e280c518eb513301512ebf7200449fd70cadc88f765c2c4510d02ffbdfae72c2952bfb0b71b99597fcb51d0d25c4272d.jpeg');
INSERT INTO RES_IMAGE(ID, CREATED_AT, CREATED_BY, UPDATED_AT, UPDATED_BY, DESCRIPTION, IS_ENABLED, IS_PUBLIC, METADATA, MIME, MOBILE_THUMB_PATH, NAME, PATH, PRICE, SMALL_THUMB_PATH, THUMB_PATH) VALUES (39, TIMESTAMP '2014-12-15 19:46:52.588', 'sergej@test.de', TIMESTAMP '2014-12-15 19:46:53.142', NULL, 'test metadata', TRUE, FALSE, 'test metadata', 'jpeg', '/img/upload/6ab1ce76498712c9064e06b4a13b4320adf73f58a3834abd432b9964159aa86604cb6312cb06c2179f134cbb0b5fc030760413128d6dbe534bf28af75ca0c1bd.jpeg', '36.jpg', 'upload/053697fde5b417fe1b134c29ad411e4acb153b4d157acf88d45781ee1122cb7f7465e0f0d3e3abca78ff9cfd6b0534b39a3cc80cf3222baeb5c340c0fa2afecf.jpeg', NULL, '/img/upload/67c87181d9db6209f51ee8bd56b2d3774ef03839010ec6da280666dfaa80d3c54a552d93dee7afd535ff7c4aaca0cff64a5cdf893b7c726602a56ccd3786d6f4.jpeg', '/img/upload/f8ee00f5d1712c1d518294988d1719317695fee3b59ed7bfa07292450e4a5b15b84f7e29fc38e742ccec2673709f4b4ee6918b23b16150e1f4510cb62c0160d5.jpeg');
INSERT INTO RES_IMAGE(ID, CREATED_AT, CREATED_BY, UPDATED_AT, UPDATED_BY, DESCRIPTION, IS_ENABLED, IS_PUBLIC, METADATA, MIME, MOBILE_THUMB_PATH, NAME, PATH, PRICE, SMALL_THUMB_PATH, THUMB_PATH) VALUES (40, TIMESTAMP '2014-12-15 19:47:34.075', 'sergej@test.de', TIMESTAMP '2014-12-15 19:47:35.416', NULL, 'test metadata', TRUE, FALSE, 'test metadata', 'jpeg', '/img/upload/9d8b054da36c11c2439a4c284620854c59481e6cc24875f4d6ddab8b7a10e8f34b63817dfd353a50aa1136c300f3da3d1c8629659fc4ef5f0843d89b67793e0a.jpeg', '45.jpg', 'upload/891014f3aa311091ca567206aa98adf7d0395b10e39c5dc51fd2cec15e0732fa0d24a725cbfa5435e8973e2d2e4786c28c204bcab6c2c43c284fe08996be6b77.jpeg', NULL, '/img/upload/0c4d46ef3c8f5023f424a1ef0871252b1285ec44306b89ace6a6e93cb5237f4ffa7a2708626857eaf38b56a4a76d469fa4c8d5d865421439771557e1713e6b1b.jpeg', '/img/upload/047c21f3eb2c0d010a995d133c76056b7d0d218ba5053891c8ffb51c868deb8e399f7af31ca43faab1b9e0f0c742e6a6d4e30e62d2685d6c1324863eed2362e0.jpeg');
INSERT INTO RES_IMAGE(ID, CREATED_AT, CREATED_BY, UPDATED_AT, UPDATED_BY, DESCRIPTION, IS_ENABLED, IS_PUBLIC, METADATA, MIME, MOBILE_THUMB_PATH, NAME, PATH, PRICE, SMALL_THUMB_PATH, THUMB_PATH) VALUES (41, TIMESTAMP '2014-12-15 19:47:35.417', 'sergej@test.de', TIMESTAMP '2014-12-15 19:47:36.509', NULL, 'Himmel,Natur', TRUE, FALSE, 'test metadata', 'jpeg', '/img/upload/91a1d5f1abe9ed8ea9d56c8518d465309dca16055649d53cab6430c474a04b9a256834a320abbf499cd0b05a3352b0db8c9d8793f164f82c210a1e617e60b297.jpeg', 'BlauHimmel', 'upload/73ce1b4371978a11dfcfd913a24fffab97c1d4d5c4407a7ee5520b46dc50614c17d4ed1622be4e9c078c96c7bf80ee1d2817a196ca49695d279805f72dba0237.jpeg', NULL, '/img/upload/1c02bd9a8e9d3acd695f41abdfc78f1545cf1421ce6767e5389cd7ccef899291ca84e4cbcb579928bb1b55ee520289643ebae2c46a6602702d53b1dd09151458.jpeg', '/img/upload/dbff85bc225d3033c012ba0e70d72b81a2d3627865e53c146574a8095473146b48808127fd3e13da04935ca15bad2b7ed34e50d79bc567112ed843c894d8991a.jpeg');
INSERT INTO RES_IMAGE(ID, CREATED_AT, CREATED_BY, UPDATED_AT, UPDATED_BY, DESCRIPTION, IS_ENABLED, IS_PUBLIC, METADATA, MIME, MOBILE_THUMB_PATH, NAME, PATH, PRICE, SMALL_THUMB_PATH, THUMB_PATH) VALUES (42, TIMESTAMP '2014-12-15 19:47:36.51', 'sergej@test.de', TIMESTAMP '2014-12-15 19:47:37.052', NULL, 'Hintergrund', TRUE, FALSE, 'test metadata', 'jpeg', '/img/upload/28a82a6d6b631e8f6ce7ef37538d5abb9b35b3934e143cdce4ccae89d093f423c9837828e96d95cf774d245d31b5620a27ce3eedb738a44c5d558db4dfd435df.jpeg', 'HellesHintergrund', 'upload/0dcff5a44cd72c19f94f7b72a5a7766ba5674afb9c13a9085a0ae03848d6a09c2bc0a0ca9660c0aa124b179ec6e84fb9af1121e7f0441705e052d6a6b2f87a7e.jpeg', NULL, '/img/upload/8cf7fa71fafaf84f929792214c1b0eae6f78df4f8df4b7faf9e2d3f153a6aa728842d18df93f19e3e3a9d776b72463f142f260232a55073a0ee7df3d59bdb2f6.jpeg', '/img/upload/4e68c59b0e104a275de3dea2fd177fa4d73d5ed77ee9197415e500109c6d21c8958f62452fb2341c357281cad6563f1cd580f12f74880dd31c90531fefe6f2d5.jpeg');
INSERT INTO RES_IMAGE(ID, CREATED_AT, CREATED_BY, UPDATED_AT, UPDATED_BY, DESCRIPTION, IS_ENABLED, IS_PUBLIC, METADATA, MIME, MOBILE_THUMB_PATH, NAME, PATH, PRICE, SMALL_THUMB_PATH, THUMB_PATH) VALUES (43, TIMESTAMP '2014-12-15 19:47:37.052', 'sergej@test.de', TIMESTAMP '2014-12-15 19:47:38.031', NULL, 'Himmel,Wolke,Natur', TRUE, FALSE, 'test metadata', 'jpeg', '/img/upload/6d4f1e53c2979e7d85ecd0c91647900df7952578b246eeab959553fb219f85bfe697da553913ae88ab57a64d6f0440af20fa4421c919d1a795e983584070418a.jpeg', 'DunkleWolke', 'upload/6781a9e05f5e327a138f3d09ce0211ce4f166d940a14b46373e44402a3f3754cab4109f62c50777cbc1e3c4f1b8e6234e8d0b41281571bf0e1bd480c12149830.jpeg', NULL, '/img/upload/2d1f4a047c0c8cbf8e706a626f9e88dffd5c7d32050364fcf3e9e87640027dec3ff6c95965d2d2c2ed94449bbefc7bb7ba8e5a2174979b2b9c376a554db45b5d.jpeg', '/img/upload/833a9289d5e9fe7a44aa252065c304f3cb00cfd90c878371d18eeb295d80fa46fbe1c1b8f2d588483fa23950a2c8be709f6aac27eb1aa799ca5cf72736ce5dd9.jpeg');
INSERT INTO RES_IMAGE(ID, CREATED_AT, CREATED_BY, UPDATED_AT, UPDATED_BY, DESCRIPTION, IS_ENABLED, IS_PUBLIC, METADATA, MIME, MOBILE_THUMB_PATH, NAME, PATH, PRICE, SMALL_THUMB_PATH, THUMB_PATH) VALUES (44, TIMESTAMP '2014-12-15 19:47:38.032', 'sergej@test.de', TIMESTAMP '2014-12-15 19:47:39.314', NULL, 'test metadata', TRUE, FALSE, 'test metadata', 'jpeg', '/img/upload/a35fa66006133c74ee73af5448276ac49206fd73df93b94dee83c0cce7a2df2bde815adb6fc4964517a55e177ffee7c4eedf06179d6029eacdf981544270cf9e.jpeg', '41.jpg', 'upload/643c30f73a3017050b287794fc8c5bb9ab06b9ce38a1fc58df402a8b66ff58f69bf0a606ae17585352a0306f0e9752de8c5c064aed7003f52808b43ff992a603.jpeg', NULL, '/img/upload/6b7f51292771f23f8fba857f992803aba59c5d3fc404575a5fe30054e3049f3fd4be768002d61d4c3367de9ba932dbe3416c70c651a64f65353ceec89ed9f082.jpeg', '/img/upload/21ace4aa19aeb1d4739d7b44ebf4998d1b7d03fbf9b5f387eb30a35f38a90d1ac22996337ed21306681e02a9bc4e05bfde58149efc8b2cad9e19df8f83f4da1c.jpeg');
INSERT INTO RES_IMAGE(ID, CREATED_AT, CREATED_BY, UPDATED_AT, UPDATED_BY, DESCRIPTION, IS_ENABLED, IS_PUBLIC, METADATA, MIME, MOBILE_THUMB_PATH, NAME, PATH, PRICE, SMALL_THUMB_PATH, THUMB_PATH) VALUES (45, TIMESTAMP '2014-12-15 19:47:39.315', 'sergej@test.de', TIMESTAMP '2014-12-15 19:47:40.464', NULL, 'Frühling,Natur', TRUE, FALSE, 'test metadata', 'jpeg', '/img/upload/d54b2ce79d2c4825a05d234a104cfbe843d1a5afa14142f4a9d471fed7c98961a11eb58eef84334ae7ebbafb580749755a8e93716062aad296185c987026fba0.jpeg', 'Frühling', 'upload/be37ccebe21815559666b60338ec1492670b8fd2bf6cc63c5c943639ddcc50981003846b75b9e97ad0c0c19484292f59b1d30b45c7b07d1f8973bae68a3b8431.jpeg', NULL, '/img/upload/dfcb8949115354c469f8a0f968048388cb8898da87e6271bc193da8662b1e38be873593b077420a4bde8fd2ca86c7c653e08ecf30446419f6fda0e6390850ef2.jpeg', '/img/upload/9466a79effea1fb6200254368536723853bfee4f593458fc36dbf8dddda8763f609a687748ed6b0809046db28baa7440a23b714e0fbb3f0a03adfe6c9c8d9e22.jpeg');
INSERT INTO RES_IMAGE(ID, CREATED_AT, CREATED_BY, UPDATED_AT, UPDATED_BY, DESCRIPTION, IS_ENABLED, IS_PUBLIC, METADATA, MIME, MOBILE_THUMB_PATH, NAME, PATH, PRICE, SMALL_THUMB_PATH, THUMB_PATH) VALUES (46, TIMESTAMP '2014-12-15 19:47:40.465', 'sergej@test.de', TIMESTAMP '2014-12-15 19:47:42.227', NULL, 'Hintergrund', TRUE, FALSE, 'test metadata', 'jpeg', '/img/upload/d47f56e6b92e095890a9abb53561a841ad812ca17432361913878cc34dbc7a2e6f1a84299497b30e6192b047a6cbebd57db9a53bbeb15fbe3948dbf0ebdead57.jpeg', 'GrünesHintergrund', 'upload/0e50f4ce9142e33141fe8dfcb55e4e5def5f12630c2f4e0dbcfe4ed49894ec5e3dd76215bd3f92f3035fe710f1bcc1f676e7d37114406d97983cc1fd8105914d.jpeg', NULL, '/img/upload/be5fde7e060d0522a20dbfafabbd7160c64d4f274bb8237bfcafe4d86177e1fd2d550639fc146c69f4e3fc7d3a3d5593133535460ccd44e058c3560586dc572a.jpeg', '/img/upload/a527b9bf0e2e612b1dc2ff4416bcd658558a7cff8d57790554a6ad22639200e16c52b0814295a107d643db631be9ab29b2676689ecfbcc717db1bcf4b84ff0c7.jpeg');
INSERT INTO RES_IMAGE(ID, CREATED_AT, CREATED_BY, UPDATED_AT, UPDATED_BY, DESCRIPTION, IS_ENABLED, IS_PUBLIC, METADATA, MIME, MOBILE_THUMB_PATH, NAME, PATH, PRICE, SMALL_THUMB_PATH, THUMB_PATH) VALUES (47, TIMESTAMP '2014-12-15 19:47:42.228', 'sergej@test.de', TIMESTAMP '2014-12-15 19:47:43.303', NULL, 'Welle, See,Meer,Natur', TRUE, FALSE, 'test metadata', 'jpeg', '/img/upload/2a8e27b589355fc9f0e0212236cab7a57da302a60f495bfc4f0f21a1bbffdb8d3fb8a10ffaca5a862360a79d06f9c8cc489455f34853393bb785a6930e2d89d1.jpeg', 'Die Welle', 'upload/947de04bfae0bf062a66fc055d4c284c9779793d9bd58833ee7549fde1ff1effaf7aefdbc6c90ed0ac86c0acc82329e7c057d900c28ea7ed4724486f717ee38d.jpeg', NULL, '/img/upload/efd012f12b4b951ce35537369d59a9367f051537d936557e741587162a1a32a6a8f44c0c12c2a7e200fd7fc38b870a60a4aff61c7b2aba54fb799efbb9f4e784.jpeg', '/img/upload/950244846cc21d8b23a82d0020686b6dd8cba931d09dd13d50805988dc5fb9195088e4ddbcd6071a80d116a2bc5505728fbc7f5b8cc3bf1e639af175670e4192.jpeg');
INSERT INTO RES_IMAGE(ID, CREATED_AT, CREATED_BY, UPDATED_AT, UPDATED_BY, DESCRIPTION, IS_ENABLED, IS_PUBLIC, METADATA, MIME, MOBILE_THUMB_PATH, NAME, PATH, PRICE, SMALL_THUMB_PATH, THUMB_PATH) VALUES (48, TIMESTAMP '2014-12-15 19:48:36.788', 'sergej@test.de', TIMESTAMP '2014-12-15 19:48:38.021', NULL, 'Schnee,Berg,Natur', TRUE, FALSE, 'test metadata', 'jpeg', '/img/upload/da9deefbc6853b36168940e466f8973353e301533cfa38b54f1e0a6fb90b563a4850b09407b37c5d7046b6849766ccf9b12c0fdf1ca8a56e91ff018ed18fd4a3.jpeg', 'SchneeBerg', 'upload/ee2c7bfa07c3f6523f8846e14428985172efeb4545d14ed4757dfc29be3732557a8abf7a1e89fc7e357cd90b6c39b9123e5cf0f6c4b1ab283171b31ede9ba278.jpeg', NULL, '/img/upload/27efa2a1244695a95b35dcb3e07d6fdcb060ed509d79f0d694005f25f76d0b474014d50f3ac00137c19175569b00d6f9f3d050823042a46884a538c314318a60.jpeg', '/img/upload/85ac2ef5c36c8a72c5856d4daed54a07f2e0f9e957d0d35e61c33fdcd2e8b9aee3d9a06ee5a36a4ad30f944191d9eaed304f10a3fff7dff48efd3892c43340ee.jpeg');
INSERT INTO RES_IMAGE(ID, CREATED_AT, CREATED_BY, UPDATED_AT, UPDATED_BY, DESCRIPTION, IS_ENABLED, IS_PUBLIC, METADATA, MIME, MOBILE_THUMB_PATH, NAME, PATH, PRICE, SMALL_THUMB_PATH, THUMB_PATH) VALUES (49, TIMESTAMP '2014-12-15 19:48:38.021', 'sergej@test.de', TIMESTAMP '2014-12-15 19:48:38.864', NULL, 'test metadata', TRUE, FALSE, 'test metadata', 'jpeg', '/img/upload/f9e11ecfd8a83183c4fae6918453ca461ab7ce33c4eb788105554ab0b3a3e1b048053d85546c502b001f46a124c0dcac2be48584aa2ac69850efc3e50ccdaf3b.jpeg', '53.jpg', 'upload/03d25c7071bce10d6b462d53854b969d9f61b982e3aee8771bdcca1ecb70495574e6929042f52e859ee9a253b58f776514180ff16e1338f5505e86c7ff328f72.jpeg', NULL, '/img/upload/d034545e18efadb37959e996c36fb2d4488eac09ffed30f9509dfae84a1d0c67347e198f856420d23c11969bcadf9e01cb47c21e398b6cb3cd4cc27e811eeaed.jpeg', '/img/upload/608f414e9c800d59a1c81d6ed54b722df86dbf59fb46f1794f5220aee5134b8abf92e01a723ea1cded2e4cb281e7ab4c6720b793d8821d353cb67e29f55bedd9.jpeg');
INSERT INTO RES_IMAGE(ID, CREATED_AT, CREATED_BY, UPDATED_AT, UPDATED_BY, DESCRIPTION, IS_ENABLED, IS_PUBLIC, METADATA, MIME, MOBILE_THUMB_PATH, NAME, PATH, PRICE, SMALL_THUMB_PATH, THUMB_PATH) VALUES (50, TIMESTAMP '2014-12-15 19:48:38.865', 'sergej@test.de', TIMESTAMP '2014-12-15 19:48:40.462', NULL, 'Berg,Himmel,Natur', TRUE, FALSE, 'test metadata', 'jpeg', '/img/upload/1caec98992bb130582185b9e3d98565109ef80f5df6adbdecd140ef8c9c53c66b8725f9a45939927cb122a06b0cf9fcfb5f6c8974912a30cb3102263d06713e8.jpeg', 'BergSonnenuntergang', 'upload/b23e8c4745c752d6360e4561424e977ee372244f4163a54f6c45d611a416a02fe46a0ad6b67de4ad901b578ad8e86cc70005fb25c6df177d3ab21a31cbee3c46.jpeg', '0.8', '/img/upload/8daa70108333678d5446a785b572e3dac92dfd2427aedeccb489582b0199ec9e2a35afc34ca38b5d48f7a56f883fcde40f6001d119e89e00c586e6c2888adde8.jpeg', '/img/upload/76b09638fe3372d8c2c498f215d7dd7736c0d6fc2de3df4ad9a81cb76c072b0c7fe288bc914d8ab0cf9b22cb002cd592aa1065d7e9f1b8e3b8e107fe599f485b.jpeg');
INSERT INTO RES_IMAGE(ID, CREATED_AT, CREATED_BY, UPDATED_AT, UPDATED_BY, DESCRIPTION, IS_ENABLED, IS_PUBLIC, METADATA, MIME, MOBILE_THUMB_PATH, NAME, PATH, PRICE, SMALL_THUMB_PATH, THUMB_PATH) VALUES (51, TIMESTAMP '2014-12-15 19:48:40.463', 'sergej@test.de', TIMESTAMP '2014-12-15 19:48:42.294', NULL, 'test metadata', TRUE, FALSE, 'test metadata', 'jpeg', '/img/upload/9c51e4a40e7320ef0a1bcaed77e07e394fb12d87266b90895363eaffdf51960b9a62ac83b429b75a1893ffbcaac079d41c44a0b59556af51a640cecfe6a45653.jpeg', '55.jpg', 'upload/1dd768de0eedf4afbcf003f6ef102cf170da661298f2498570e5b87723c53c84550eced35e3bfc4f0bbff10bd5ba7268cef8e8342820c277b886ad33fff10e13.jpeg', NULL, '/img/upload/206fd7751c8d52c00802ee9d8deb8de362cd14437357a7077aa00d80814d1344bf67bb7ce5b41a9bccd8a9d3907aafc68931b7bfddb79b19337bd37828169339.jpeg', '/img/upload/2edb39991f954244f1061820da7ff2d287b7ba0cc032577802a1f0dbaaaf58ad270e55075b4e8b2fd94dc6c8192c6bf7e56c84413749529b1cce29dfd77a8ff1.jpeg');
INSERT INTO RES_IMAGE(ID, CREATED_AT, CREATED_BY, UPDATED_AT, UPDATED_BY, DESCRIPTION, IS_ENABLED, IS_PUBLIC, METADATA, MIME, MOBILE_THUMB_PATH, NAME, PATH, PRICE, SMALL_THUMB_PATH, THUMB_PATH) VALUES (52, TIMESTAMP '2014-12-15 19:48:42.294', 'sergej@test.de', TIMESTAMP '2014-12-15 19:48:43.561', NULL, 'test metadata', TRUE, FALSE, 'test metadata', 'jpeg', '/img/upload/97a05ec547d664df5031e75f9a493e3e139f93fdf80a16deb0db835ea672a214d396b67e9dc725c9504189eac0100cecaf1b8e4290569d89d3477f29e1e0664e.jpeg', '49.jpg', 'upload/0e19c6d772f36c1f4c92a22741cc0217d6218d671a90f8857e4967f6cb1a48743df7d3f1b243357a00f11e62d4a7057c774d10318961a2d99f5d8d00de747e09.jpeg', NULL, '/img/upload/f808b1c12dd98cfb3b79ec63fa9c66f910958c36b1e1ef3cd8dd81f4ac48be6c03454f1e4282a5b258e33095ed4d300aec2c01cda01a0bb7d1dbc3e8940d47c4.jpeg', '/img/upload/7d7ce241f6c990e52f205de9417458659cc1312506bcb69267e48b6dca0322f8c441424a4b301a066fdb2f37ad1be231a2c89be7e1f6bcc1a375ee0fb671babd.jpeg');
INSERT INTO RES_IMAGE(ID, CREATED_AT, CREATED_BY, UPDATED_AT, UPDATED_BY, DESCRIPTION, IS_ENABLED, IS_PUBLIC, METADATA, MIME, MOBILE_THUMB_PATH, NAME, PATH, PRICE, SMALL_THUMB_PATH, THUMB_PATH) VALUES (53, TIMESTAMP '2014-12-15 19:48:43.562', 'sergej@test.de', TIMESTAMP '2014-12-15 19:48:44.947', NULL, 'Gebirge,Natur', TRUE, FALSE, 'test metadata', 'jpeg', '/img/upload/55d33ae8b6c656b166d55cf1604ad7d0a4e3e9257854b774be4da968b6df789e10baa61a5338d8712a1c02022766a128f9508f873cf6426eb86100875d98a558.jpeg', 'Gebirge', 'upload/5512c55503f276ce8d82a6fc9f94659f548d0fc45ff5fe3bb92e8f403e8cd346b4da55210384f41bd6b9ab398147349dfa97aa942b92851867a07e6d825421ff.jpeg', '2.9', '/img/upload/103692ca22e6922cafa8d68f61b954908e6d617fc15e2d000f05b9f443f3ecc14d807c9f48b9afbd589ba638a7a868d5c7749377bc9b6fb985789e6806b7a637.jpeg', '/img/upload/99a50d68ef1e5dcb4ecbd0cc8d657d1085c53a1a3084fe12d811ba39f58f71352f23cd7d15eaba04933efe726f241496ed1fec3ed61069b740ac80ce2fc1991a.jpeg');
INSERT INTO RES_IMAGE(ID, CREATED_AT, CREATED_BY, UPDATED_AT, UPDATED_BY, DESCRIPTION, IS_ENABLED, IS_PUBLIC, METADATA, MIME, MOBILE_THUMB_PATH, NAME, PATH, PRICE, SMALL_THUMB_PATH, THUMB_PATH) VALUES (54, TIMESTAMP '2014-12-15 19:48:44.948', 'sergej@test.de', TIMESTAMP '2014-12-15 19:48:46.628', NULL, 'Gebirge,Nebel', TRUE, FALSE, 'test metadata', 'jpeg', '/img/upload/caa16c11c66db572d177ed9fe27d490b496c119702e8d28e82c3878501af0ef77427a658f7ffe9ea2667d99291c5c646b216996c779fc99f595ce0057afb9778.jpeg', 'BergInNebel', 'upload/74c205daf6521128f2ad9009e44d9b608ea4940b5747ef6e74d616e4599ccaffcf12bb69ad38c8bbbfbd248b94fc8adddc3b091c7906cb05501dbea026e0d568.jpeg', '2.0', '/img/upload/667a4c1ba87f8c423a4bd076f0d4221213d3a4351341de4caf4d08526d32debbe0fa6a5ca98d076b93bc78650aa0881b01458842d4d3e2bec879a2dc3c15c614.jpeg', '/img/upload/88b8ffbff7c7531d46b9dafded155ab513ce52cb55da8fbda4d16ee40f3962ca2003efd421cbf22cbdb46514dc1f960b1c36137f293370c3b3bb65ae4de4e717.jpeg');

-- image collections created by photographer.

INSERT INTO RES_COLLECTION (ID,USER_ID,NAME,DESCRIPTION,IS_PUBLIC) VALUES ('1','6', 'Natur pur!','Lorem ipsum dolor sit amet.','false');
INSERT INTO RES_COLLECTION (ID,USER_ID,NAME,DESCRIPTION,IS_PUBLIC) VALUES ('2','5', 'Irgendwas!','Lorem ipsum dolor sit amet.','false');
INSERT INTO RES_COLLECTION (ID,USER_ID,NAME,DESCRIPTION,IS_PUBLIC) VALUES ('3','4', 'Mal was Anderes','Lorem ipsum dolor sit amet.','false');
INSERT INTO RES_COLLECTION (ID,USER_ID,NAME,DESCRIPTION,IS_PUBLIC) VALUES ('4','5', 'Schon wieder eine Sammlung','Lorem ipsum dolor sit amet.','false');
INSERT INTO RES_COLLECTION (ID,USER_ID,NAME,DESCRIPTION,IS_PUBLIC) VALUES ('5','6', 'Paar Bilder','Lorem ipsum dolor sit amet.','false');
INSERT INTO RES_COLLECTION (ID,USER_ID,NAME,DESCRIPTION,IS_PUBLIC) VALUES ('6','3', 'Gebierge','Gebirge','true');
INSERT INTO RES_COLLECTION (ID,USER_ID,NAME,DESCRIPTION,IS_PUBLIC) VALUES ('7','3', 'Universum','Universum,Planet,Erde','false');
INSERT INTO RES_COLLECTION (ID,USER_ID,NAME,DESCRIPTION,IS_PUBLIC) VALUES ('8','3', 'Sonstiges','Sonstiges','true');


-- images uploaded by photographer. None of them have been bought yet
INSERT INTO RES_USER_IMAGE (ID,OWNER_ID,USER_ID,IMAGE_ID) VALUES ('1','3', '3','11');
INSERT INTO RES_USER_IMAGE (ID,OWNER_ID,USER_ID,IMAGE_ID) VALUES ('2','3', '3','12');
INSERT INTO RES_USER_IMAGE (ID,OWNER_ID,USER_ID,IMAGE_ID) VALUES ('3','3', '3','29');
INSERT INTO RES_USER_IMAGE (ID,OWNER_ID,USER_ID,IMAGE_ID) VALUES ('6','3', '3','30');
INSERT INTO RES_USER_IMAGE (ID,OWNER_ID,USER_ID,IMAGE_ID) VALUES ('5','3', '3','32');
INSERT INTO RES_USER_IMAGE (ID,OWNER_ID,USER_ID,IMAGE_ID) VALUES ('4','3', '3','50');
INSERT INTO RES_USER_IMAGE (ID,OWNER_ID,USER_ID,IMAGE_ID) VALUES ('7','3', '3','53');
INSERT INTO RES_USER_IMAGE (ID,OWNER_ID,USER_ID,IMAGE_ID) VALUES ('8','3', '3','54');

INSERT INTO RES_USER_IMAGE (ID,OWNER_ID,USER_ID,IMAGE_ID) VALUES ('9','3', '3','38');
INSERT INTO RES_USER_IMAGE (ID,OWNER_ID,USER_ID,IMAGE_ID) VALUES ('10','3', '3','39');
INSERT INTO RES_USER_IMAGE (ID,OWNER_ID,USER_ID,IMAGE_ID) VALUES ('11','3', '3','41');
INSERT INTO RES_USER_IMAGE (ID,OWNER_ID,USER_ID,IMAGE_ID) VALUES ('12','3', '3','42');
INSERT INTO RES_USER_IMAGE (ID,OWNER_ID,USER_ID,IMAGE_ID) VALUES ('13','3', '3','43');
INSERT INTO RES_USER_IMAGE (ID,OWNER_ID,USER_ID,IMAGE_ID) VALUES ('14','3', '3','44');
INSERT INTO RES_USER_IMAGE (ID,OWNER_ID,USER_ID,IMAGE_ID) VALUES ('15','3', '3','45');
INSERT INTO RES_USER_IMAGE (ID,OWNER_ID,USER_ID,IMAGE_ID) VALUES ('16','3', '3','46');
INSERT INTO RES_USER_IMAGE (ID,OWNER_ID,USER_ID,IMAGE_ID) VALUES ('17','3', '3','47');
INSERT INTO RES_USER_IMAGE (ID,OWNER_ID,USER_ID,IMAGE_ID) VALUES ('18','3', '3','48');

INSERT INTO RES_COLLECTION_IMAGE (ID,COLLECTION_ID,IMAGE_ID) VALUES ('1','6', '50');
INSERT INTO RES_COLLECTION_IMAGE (ID,COLLECTION_ID,IMAGE_ID) VALUES ('2','6', '53');
INSERT INTO RES_COLLECTION_IMAGE (ID,COLLECTION_ID,IMAGE_ID) VALUES ('3','6', '54');
INSERT INTO RES_COLLECTION_IMAGE (ID,COLLECTION_ID,IMAGE_ID) VALUES ('4','7', '12');

INSERT INTO RES_COLLECTION_IMAGE (ID,COLLECTION_ID,IMAGE_ID) VALUES ('5','8', '38');
INSERT INTO RES_COLLECTION_IMAGE (ID,COLLECTION_ID,IMAGE_ID) VALUES ('6','8', '39');
INSERT INTO RES_COLLECTION_IMAGE (ID,COLLECTION_ID,IMAGE_ID) VALUES ('7','8', '41');
INSERT INTO RES_COLLECTION_IMAGE (ID,COLLECTION_ID,IMAGE_ID) VALUES ('8','8', '42');
INSERT INTO RES_COLLECTION_IMAGE (ID,COLLECTION_ID,IMAGE_ID) VALUES ('9','8', '43');
INSERT INTO RES_COLLECTION_IMAGE (ID,COLLECTION_ID,IMAGE_ID) VALUES ('10','8', '44');
INSERT INTO RES_COLLECTION_IMAGE (ID,COLLECTION_ID,IMAGE_ID) VALUES ('11','8', '45');
INSERT INTO RES_COLLECTION_IMAGE (ID,COLLECTION_ID,IMAGE_ID) VALUES ('12','8', '46');
INSERT INTO RES_COLLECTION_IMAGE (ID,COLLECTION_ID,IMAGE_ID) VALUES ('13','8', '47');
INSERT INTO RES_COLLECTION_IMAGE (ID,COLLECTION_ID,IMAGE_ID) VALUES ('14','8', '48');