-- Role
INSERT INTO SYS_ROLE(id,name) VALUES (1,'ROLE_ADMIN');
INSERT INTO SYS_ROLE(id,name) VALUES (2,'ROLE_CUSTOMER');
INSERT INTO SYS_ROLE(id,name) VALUES (3,'ROLE_PHOTOGRAPHER');

-- User
-- Password: 123
INSERT INTO SYS_USER(ID,USERNAME,PASSWORD,EMAIL,COMPANY, PHONE, HOMEPAGE, IS_ENABLED,IS_ACCOUNT_NON_LOCKED) VALUES('1', 'Vincent','$2a$10$za9rDqJOMBXCWXEG5O4.U.1GqyXoiS0mjuiHwqhCvO9wRU6Z/NdGG','vincent@test.de', 'EGCompany', '030555555', 'wwww.mypage.com', true,true);
-- Password: 123
INSERT INTO SYS_USER(ID,USERNAME,PASSWORD,EMAIL,COMPANY, PHONE, HOMEPAGE, IS_ENABLED,IS_ACCOUNT_NON_LOCKED) VALUES('2', 'Peter','$2a$10$za9rDqJOMBXCWXEG5O4.U.1GqyXoiS0mjuiHwqhCvO9wRU6Z/NdGG','peter@test.de','EGCompany', '030555555', 'wwww.mypage.com', true,true);
-- Password: 123
INSERT INTO SYS_USER(ID,USERNAME,PASSWORD,EMAIL,COMPANY, PHONE, HOMEPAGE, IBAN, SWIFT, IS_ENABLED,IS_ACCOUNT_NON_LOCKED) VALUES('3', 'Sergej','$2a$10$za9rDqJOMBXCWXEG5O4.U.1GqyXoiS0mjuiHwqhCvO9wRU6Z/NdGG','sergej@test.de','EGCompany', '030555555', 'wwww.mypage.com', 'DE50344342342424', 'DEFGHKZ',  true,true);
-- Password: 123
INSERT INTO SYS_USER(ID,USERNAME,PASSWORD,EMAIL,COMPANY, PHONE, HOMEPAGE, IBAN, SWIFT, IS_ENABLED,IS_ACCOUNT_NON_LOCKED) VALUES('4', 'Julian','$2a$10$za9rDqJOMBXCWXEG5O4.U.1GqyXoiS0mjuiHwqhCvO9wRU6Z/NdGG','julian@test.de', 'EGCompany', '030555555', 'wwww.mypage.com', 'DE50344342342424', 'DEFGHKZ', false,true);
-- Password: 123
INSERT INTO SYS_USER(ID,USERNAME,PASSWORD,EMAIL,COMPANY, PHONE, HOMEPAGE, IBAN, SWIFT, IS_ENABLED,IS_ACCOUNT_NON_LOCKED) VALUES('5', 'Danil','$2a$10$za9rDqJOMBXCWXEG5O4.U.1GqyXoiS0mjuiHwqhCvO9wRU6Z/NdGG','danil@test.de','EGCompany', '030555555', 'wwww.mypage.com', 'DE50344342342424', 'DEFGHKZ', false,true);
-- Password: 123
INSERT INTO SYS_USER(ID,USERNAME,PASSWORD,EMAIL, COMPANY, PHONE, HOMEPAGE, IBAN, SWIFT, IS_ENABLED,IS_ACCOUNT_NON_LOCKED) VALUES('6', 'Eric','$2a$10$za9rDqJOMBXCWXEG5O4.U.1GqyXoiS0mjuiHwqhCvO9wRU6Z/NdGG','eric@test.de','EGCompany', '030555555', 'wwww.mypage.com', 'DE50344342342424', 'DEFGHKZ', false,true);


-- SYS_USER_ROLE
--Vincent - Admin
INSERT INTO SYS_USER_ROLE (id,user_id,role_id) VALUES (1,1,1);
--Peter - Customer
INSERT INTO SYS_USER_ROLE (id,user_id,role_id) VALUES (2,2,2);
--Sergej - Photographer
INSERT INTO SYS_USER_ROLE (id,user_id,role_id) VALUES (3,3,3);
--Julian - Photographer
INSERT INTO SYS_USER_ROLE (id,user_id,role_id) VALUES (4,4,3);
--Danil - Photographer
INSERT INTO SYS_USER_ROLE (id,user_id,role_id) VALUES (5,5,3);
--Eric - Photographer
INSERT INTO SYS_USER_ROLE (id,user_id,role_id) VALUES (6,6,3);
