-- Role
INSERT INTO SYS_ROLE(id,name) VALUES (1,'ROLE_ADMIN');
INSERT INTO SYS_ROLE(id,name) VALUES (2,'ROLE_CUSTOMER');
INSERT INTO SYS_ROLE(id,name) VALUES (3,'ROLE_PHOTOGRAPHER');

-- User
-- Password: 123
INSERT INTO SYS_USER(ID,USERNAME,PASSWORD,EMAIL,IS_ENABLED,IS_ACCOUNT_NON_LOCKED) VALUES('1', 'Vincent','202cb962ac59075b964b07152d234b70','vincent@test.de',true,true);
-- Password: 123
INSERT INTO SYS_USER(ID,USERNAME,PASSWORD,EMAIL,IS_ENABLED,IS_ACCOUNT_NON_LOCKED) VALUES('2', 'Peter','202cb962ac59075b964b07152d234b70','peter@test.de',true,true);
-- Password: 123
INSERT INTO SYS_USER(ID,USERNAME,PASSWORD,EMAIL,IS_ENABLED,IS_ACCOUNT_NON_LOCKED) VALUES('3', 'Sergej','202cb962ac59075b964b07152d234b70','sergej@test.de',true,true);
-- Password: 123
INSERT INTO SYS_USER(ID,USERNAME,PASSWORD,EMAIL,IS_ENABLED,IS_ACCOUNT_NON_LOCKED) VALUES('4', 'Julian','202cb962ac59075b964b07152d234b70','julian@test.de',false,true);
-- Password: 123
INSERT INTO SYS_USER(ID,USERNAME,PASSWORD,EMAIL,IS_ENABLED,IS_ACCOUNT_NON_LOCKED) VALUES('5', 'Danil','202cb962ac59075b964b07152d234b70','danil@test.de',false,true);
-- Password: 123
INSERT INTO SYS_USER(ID,USERNAME,PASSWORD,EMAIL,IS_ENABLED,IS_ACCOUNT_NON_LOCKED) VALUES('6', 'Eric','202cb962ac59075b964b07152d234b70','eric@test.de',false,true);


-- SYS_USER_ROLE
--Vincent - Admin
INSERT INTO SYS_USER_ROLE (id,user_id,role_id) VALUES (1,1,1);
--Test for adding multiple roles to a user
--INSERT INTO SYS_USER_ROLE (id,user_id,role_id) VALUES (4,1,2);
--Peter - Customer
INSERT INTO SYS_USER_ROLE (id,user_id,role_id) VALUES (2,2,2);
--Sergej - Photographer
INSERT INTO SYS_USER_ROLE (id,user_id,role_id) VALUES (3,3,3);
--Julian - Photographer
INSERT INTO SYS_USER_ROLE (id,user_id,role_id) VALUES (4,4,3);
--Danil - Photographer
INSERT INTO SYS_USER_ROLE (id,user_id,role_id) VALUES (5,5,3);
--Eric - Photographer
INSERT INTO SYS_USER_ROLE (id,user_id,role_id) VALUES (6,6,3);

-- SYS_USERPROFILE
INSERT INTO SYS_USERPROFILE (id,user_id, firstname, surname, address, BIRTHDAY,company,homepage,phone) VALUES('1','3','Sergej','Meister','Berlinerstraße 12,12207 Berlin','2014-11-14','Burg',null,'016568334');

-- SYS_USERBANK
--Sergej
INSERT INTO SYS_USERBANK (ID,USER_ID,RECEIVER,IBAN,BIC) VALUES ('1','3', 'Sergej Meister','DE50344342342424','DEFGHKZ');
--Julian
INSERT INTO SYS_USERBANK (ID,USER_ID,RECEIVER,IBAN,BIC) VALUES ('2','4', 'Julian Löhr','DE50344342342424','DEFGHKZ');
-- Danil
INSERT INTO SYS_USERBANK (ID,USER_ID,RECEIVER,IBAN,BIC) VALUES ('3','5', 'Danil Tomilow','DE50344342342424','DEFGHKZ');
-- Eric
INSERT INTO SYS_USERBANK (ID,USER_ID,RECEIVER,IBAN,BIC) VALUES ('4','6', 'Eric Haller','DE50344342342424','DEFGHKZ');
